Using pre-set license
Built from '2022.3/staging' branch; Version is '2022.3.58f1 (ed7f6eacb62e) revision 15564654'; Using compiler version '192829333'; Build Type 'Release'
OS: 'Windows 11  (10.0.26200) 64bit Professional' Language: 'en' Physical Memory: 95800 MB
BatchMode: 1, IsHumanControllingUs: 0, StartBugReporterOnCrash: 0, Is64bit: 1, IsPro: 1

COMMAND LINE ARGUMENTS:
C:\Program Files\Unity\Hub\Editor\2022.3.58f1\Editor\Unity.exe
-adb2
-batchMode
-noUpm
-name
AssetImportWorker4
-projectPath
C:/Users/NovaPlex/Documents/GitHub/SpaceWeatherNSFRET/SpaceWeatherNSFRET
-logFile
Logs/AssetImportWorker4.log
-srvPort
57517
Successfully changed project path to: C:/Users/NovaPlex/Documents/GitHub/SpaceWeatherNSFRET/SpaceWeatherNSFRET
C:/Users/NovaPlex/Documents/GitHub/SpaceWeatherNSFRET/SpaceWeatherNSFRET
[UnityMemory] Configuration Parameters - Can be set up in boot.config
    "memorysetup-bucket-allocator-granularity=16"
    "memorysetup-bucket-allocator-bucket-count=8"
    "memorysetup-bucket-allocator-block-size=33554432"
    "memorysetup-bucket-allocator-block-count=8"
    "memorysetup-main-allocator-block-size=16777216"
    "memorysetup-thread-allocator-block-size=16777216"
    "memorysetup-gfx-main-allocator-block-size=16777216"
    "memorysetup-gfx-thread-allocator-block-size=16777216"
    "memorysetup-cache-allocator-block-size=4194304"
    "memorysetup-typetree-allocator-block-size=2097152"
    "memorysetup-profiler-bucket-allocator-granularity=16"
    "memorysetup-profiler-bucket-allocator-bucket-count=8"
    "memorysetup-profiler-bucket-allocator-block-size=33554432"
    "memorysetup-profiler-bucket-allocator-block-count=8"
    "memorysetup-profiler-allocator-block-size=16777216"
    "memorysetup-profiler-editor-allocator-block-size=1048576"
    "memorysetup-temp-allocator-size-main=16777216"
    "memorysetup-job-temp-allocator-block-size=2097152"
    "memorysetup-job-temp-allocator-block-size-background=1048576"
    "memorysetup-job-temp-allocator-reduction-small-platforms=262144"
    "memorysetup-allocator-temp-initial-block-size-main=262144"
    "memorysetup-allocator-temp-initial-block-size-worker=262144"
    "memorysetup-temp-allocator-size-background-worker=32768"
    "memorysetup-temp-allocator-size-job-worker=262144"
    "memorysetup-temp-allocator-size-preload-manager=33554432"
    "memorysetup-temp-allocator-size-nav-mesh-worker=65536"
    "memorysetup-temp-allocator-size-audio-worker=65536"
    "memorysetup-temp-allocator-size-cloud-worker=32768"
    "memorysetup-temp-allocator-size-gi-baking-worker=262144"
    "memorysetup-temp-allocator-size-gfx=262144"
Player connection [36692]  Target information:

Player connection [36692]  * "[IP] 192.168.1.2 [Port] 0 [Flags] 2 [Guid] 876967234 [EditorId] 876967234 [Version] 1048832 [Id] WindowsEditor(7,NovaDesktop) [Debug] 1 [PackageName] WindowsEditor [ProjectName] Editor" 

Player connection [36692]  * "[IP] 192.168.56.1 [Port] 0 [Flags] 2 [Guid] 876967234 [EditorId] 876967234 [Version] 1048832 [Id] WindowsEditor(7,NovaDesktop) [Debug] 1 [PackageName] WindowsEditor [ProjectName] Editor" 

Player connection [36692]  * "[IP] 172.19.48.1 [Port] 0 [Flags] 2 [Guid] 876967234 [EditorId] 876967234 [Version] 1048832 [Id] WindowsEditor(7,NovaDesktop) [Debug] 1 [PackageName] WindowsEditor [ProjectName] Editor" 

Player connection [36692]  * "[IP] 100.110.67.32 [Port] 0 [Flags] 2 [Guid] 876967234 [EditorId] 876967234 [Version] 1048832 [Id] WindowsEditor(7,NovaDesktop) [Debug] 1 [PackageName] WindowsEditor [ProjectName] Editor" 

Player connection [36692] Host joined multi-casting on [225.0.0.222:54997]...
Player connection [36692] Host joined alternative multi-casting on [225.0.0.222:34997]...
Input System module state changed to: Initialized.
[PhysX] Initialized MultithreadedTaskDispatcher with 24 workers.
Refreshing native plugins compatible for Editor in 13.28 ms, found 10 plugins.
Preloading 0 native plugins for Editor in 0.00 ms.
Initialize engine version: 2022.3.58f1 (ed7f6eacb62e)
[Subsystems] Discovering subsystems at path C:/Program Files/Unity/Hub/Editor/2022.3.58f1/Editor/Data/Resources/UnitySubsystems
[Subsystems] Discovering subsystems at path C:/Users/NovaPlex/Documents/GitHub/SpaceWeatherNSFRET/SpaceWeatherNSFRET/Assets
GfxDevice: creating device client; threaded=0; jobified=0
Direct3D:
    Version:  Direct3D 11.0 [level 11.1]
    Renderer: AMD Radeon RX 7900 XTX (ID=0x744c)
    Vendor:   ATI
    VRAM:     24517 MB
    Driver:   32.0.31041.1004
Initialize mono
Mono path[0] = 'C:/Program Files/Unity/Hub/Editor/2022.3.58f1/Editor/Data/Managed'
Mono path[1] = 'C:/Program Files/Unity/Hub/Editor/2022.3.58f1/Editor/Data/MonoBleedingEdge/lib/mono/unityjit-win32'
Mono config path = 'C:/Program Files/Unity/Hub/Editor/2022.3.58f1/Editor/Data/MonoBleedingEdge/etc'
Using monoOptions --debugger-agent=transport=dt_socket,embedding=1,server=y,suspend=n,address=127.0.0.1:56024
Begin MonoManager ReloadAssembly
Registering precompiled unity dll's ...
Register platform support module: C:/Program Files/Unity/Hub/Editor/2022.3.58f1/Editor/Data/PlaybackEngines/AndroidPlayer/UnityEditor.Android.Extensions.dll
Register platform support module: C:/Program Files/Unity/Hub/Editor/2022.3.58f1/Editor/Data/PlaybackEngines/WindowsStandaloneSupport/UnityEditor.WindowsStandalone.Extensions.dll
Registered in 0.005328 seconds.
- Loaded All Assemblies, in  0.249 seconds
Native extension for WindowsStandalone target not found
Native extension for Android target not found
Android Extension - Scanning For ADB Devices 354 ms
Mono: successfully reloaded assembly
- Finished resetting the current domain, in  0.704 seconds
Domain Reload Profiling: 953ms
	BeginReloadAssembly (54ms)
		ExecutionOrderSort (0ms)
		DisableScriptedObjects (0ms)
		BackupInstance (0ms)
		ReleaseScriptingObjects (0ms)
		CreateAndSetChildDomain (1ms)
	RebuildCommonClasses (19ms)
	RebuildNativeTypeToScriptingClass (5ms)
	initialDomainReloadingComplete (32ms)
	LoadAllAssembliesAndSetupDomain (138ms)
		LoadAssemblies (53ms)
		RebuildTransferFunctionScriptingTraits (0ms)
		AnalyzeDomain (137ms)
			TypeCache.Refresh (136ms)
				TypeCache.ScanAssembly (125ms)
			ScanForSourceGeneratedMonoScriptInfo (0ms)
			ResolveRequiredComponents (0ms)
	FinalizeReload (705ms)
		ReleaseScriptCaches (0ms)
		RebuildScriptCaches (0ms)
		SetupLoadedEditorAssemblies (664ms)
			LogAssemblyErrors (0ms)
			InitializePlatformSupportModulesInManaged (468ms)
			SetLoadedEditorAssemblies (6ms)
			RefreshPlugins (0ms)
			BeforeProcessingInitializeOnLoad (2ms)
			ProcessInitializeOnLoadAttributes (132ms)
			ProcessInitializeOnLoadMethodAttributes (56ms)
			AfterProcessingInitializeOnLoad (0ms)
			EditorAssembliesLoaded (0ms)
		ExecutionOrderSort2 (0ms)
		AwakeInstancesAfterBackupRestoration (0ms)
========================================================================
Worker process is ready to serve import requests
Caller must complete domain reload
Begin MonoManager ReloadAssembly
- Loaded All Assemblies, in  0.400 seconds
Native extension for WindowsStandalone target not found
Native extension for Android target not found
Mono: successfully reloaded assembly
Package Manager log level set to [2]
[Package Manager] Server::EnsureServerProcessIsRunning -- launch failed, reason: Unity was launched with the -noUpm command-line argument
[Package Manager] UpmClient::Send -- Unable to send message (not connected to UPM process).
[Package Manager] Cannot connect to Unity Package Manager local server
[Package Manager] Server::EnsureServerProcessIsRunning -- launch failed, reason: Unity was launched with the -noUpm command-line argument
[Package Manager] UpmClient::Send -- Unable to send message (not connected to UPM process).
[Package Manager] Cannot connect to Unity Package Manager local server
- Finished resetting the current domain, in  0.380 seconds
Domain Reload Profiling: 778ms
	BeginReloadAssembly (83ms)
		ExecutionOrderSort (0ms)
		DisableScriptedObjects (3ms)
		BackupInstance (0ms)
		ReleaseScriptingObjects (0ms)
		CreateAndSetChildDomain (15ms)
	RebuildCommonClasses (18ms)
	RebuildNativeTypeToScriptingClass (5ms)
	initialDomainReloadingComplete (26ms)
	LoadAllAssembliesAndSetupDomain (265ms)
		LoadAssemblies (181ms)
		RebuildTransferFunctionScriptingTraits (0ms)
		AnalyzeDomain (128ms)
			TypeCache.Refresh (111ms)
				TypeCache.ScanAssembly (102ms)
			ScanForSourceGeneratedMonoScriptInfo (12ms)
			ResolveRequiredComponents (4ms)
	FinalizeReload (380ms)
		ReleaseScriptCaches (0ms)
		RebuildScriptCaches (0ms)
		SetupLoadedEditorAssemblies (289ms)
			LogAssemblyErrors (0ms)
			InitializePlatformSupportModulesInManaged (11ms)
			SetLoadedEditorAssemblies (2ms)
			RefreshPlugins (0ms)
			BeforeProcessingInitializeOnLoad (42ms)
			ProcessInitializeOnLoadAttributes (193ms)
			ProcessInitializeOnLoadMethodAttributes (36ms)
			AfterProcessingInitializeOnLoad (5ms)
			EditorAssembliesLoaded (0ms)
		ExecutionOrderSort2 (0ms)
		AwakeInstancesAfterBackupRestoration (5ms)
Launched and connected shader compiler UnityShaderCompiler.exe after 0.03 seconds
Refreshing native plugins compatible for Editor in 9.35 ms, found 10 plugins.
Preloading 0 native plugins for Editor in 0.00 ms.
Unloading 4983 Unused Serialized files (Serialized files now loaded: 0)
Unloading 76 unused Assets / (84.4 KB). Loaded Objects now: 5441.
Memory consumption went from 164.7 MB to 164.7 MB.
Total: 3.004300 ms (FindLiveObjects: 0.337400 ms CreateObjectMapping: 0.064800 ms MarkObjects: 2.471800 ms  DeleteObjects: 0.129500 ms)

AssetImportParameters requested are different than current active one (requested -> active):
  custom:container-demuxer-ogg: 62fdf1f143b41e24485cea50d1cbac27 -> 
  custom:video-codec-MediaFoundation-h265: 746d11721c4dcdbdad8f713fa42b33f4 -> 
  custom:video-decoder-ogg-theora: a1e56fd34408186e4bbccfd4996cb3dc -> 
  custom:framework-win-MediaFoundation: 216162199b28c13a410421893ffa2e32 -> 
  custom:CustomObjectIndexerAttribute: 9a22284fe3817be447336de3de66b15e -> 
  custom:container-demuxer-webm: 4f35f7cbe854078d1ac9338744f61a02 -> 
  custom:container-muxer-webm: aa71ff27fc2769a1b78a27578f13a17b -> 
  custom:video-decoder-webm-vp8: 9c59270c3fd7afecdb556c50c9e8de78 -> 
  custom:SearchIndexIgnoredProperties: e643bd26f0fe6173181afceb89e7c659 -> 
  custom:AudioImporter_EditorPlatform: d09bf68614088b80899f8185d706f6e7 -> 
  custom:video-encoder-webm-vp8: eb34c28f22e8b96e1ab97ce403110664 -> 
  custom:audio-decoder-ogg-vorbis: bf7c407c2cedff20999df2af8eb42d56 -> 
  custom:audio-encoder-webm-vorbis: bf7c407c2cedff20999df2af8eb42d56 -> 
========================================================================
Received Import Request.
  Time since last request: 32908.370148 seconds.
  path: Assets/Nimikko_Mall/Meshes/SM_Walkway_Mall_01_300.fbx
  artifactKey: Guid(abc00000000004999468785862239020) Importer(815301076,1909f56bfc062723c751e8b465ee728b)
Start importing Assets/Nimikko_Mall/Meshes/SM_Walkway_Mall_01_300.fbx using Guid(abc00000000004999468785862239020) Importer(815301076,1909f56bfc062723c751e8b465ee728b) [PhysX] Initialized MultithreadedTaskDispatcher with 24 workers.
[PhysX] Initialized MultithreadedTaskDispatcher with 24 workers.
[PhysX] Initialized MultithreadedTaskDispatcher with 24 workers.
[PhysX] Initialized MultithreadedTaskDispatcher with 24 workers.
[PhysX] Initialized MultithreadedTaskDispatcher with 24 workers.
[PhysX] Initialized MultithreadedTaskDispatcher with 24 workers.
[PhysX] Initialized MultithreadedTaskDispatcher with 24 workers.
[PhysX] Initialized MultithreadedTaskDispatcher with 24 workers.
[PhysX] Initialized MultithreadedTaskDispatcher with 24 workers.
[PhysX] Initialized MultithreadedTaskDispatcher with 24 workers.
[PhysX] Initialized MultithreadedTaskDispatcher with 24 workers.
[PhysX] Initialized MultithreadedTaskDispatcher with 24 workers.
[PhysX] Initialized MultithreadedTaskDispatcher with 24 workers.
[PhysX] Initialized MultithreadedTaskDispatcher with 24 workers.
 -> (artifact id: 'fb34418482b1b6d2647c8481f5224d20') in 0.430300 seconds
Number of updated asset objects reloaded before import = 0
Number of asset objects unloaded after import = 41
========================================================================
Received Import Request.
  Time since last request: 3.939562 seconds.
  path: Assets/Nimikko_Mall/Materials/MI_Concrete_03.mat
  artifactKey: Guid(abc00000000013441814179978822923) Importer(815301076,1909f56bfc062723c751e8b465ee728b)
Start importing Assets/Nimikko_Mall/Materials/MI_Concrete_03.mat using Guid(abc00000000013441814179978822923) Importer(815301076,1909f56bfc062723c751e8b465ee728b) [PhysX] Initialized MultithreadedTaskDispatcher with 24 workers.
[PhysX] Initialized MultithreadedTaskDispatcher with 24 workers.
 -> (artifact id: 'cce2b505bcc962981198d696e887e7c4') in 0.315180 seconds
Number of updated asset objects reloaded before import = 0
Number of asset objects unloaded after import = 4
========================================================================
Received Import Request.
  Time since last request: 19.268184 seconds.
  path: Assets/Nimikko_Mall/Materials/MI_ConcreteWallExterior_01.mat
  artifactKey: Guid(abc00000000016335790971772127679) Importer(815301076,1909f56bfc062723c751e8b465ee728b)
Start importing Assets/Nimikko_Mall/Materials/MI_ConcreteWallExterior_01.mat using Guid(abc00000000016335790971772127679) Importer(815301076,1909f56bfc062723c751e8b465ee728b) [PhysX] Initialized MultithreadedTaskDispatcher with 24 workers.
[PhysX] Initialized MultithreadedTaskDispatcher with 24 workers.
 -> (artifact id: '29feaec95f63d677b5ca7fb31ec9647f') in 0.041262 seconds
Number of updated asset objects reloaded before import = 0
Number of asset objects unloaded after import = 4
========================================================================
Received Import Request.
  Time since last request: 14.376948 seconds.
  path: Assets/Nimikko_Mall/Materials/Textures/T_Ceiling_Normal.png
  artifactKey: Guid(abc00000000004842880764089346359) Importer(815301076,1909f56bfc062723c751e8b465ee728b)
Start importing Assets/Nimikko_Mall/Materials/Textures/T_Ceiling_Normal.png using Guid(abc00000000004842880764089346359) Importer(815301076,1909f56bfc062723c751e8b465ee728b) [PhysX] Initialized MultithreadedTaskDispatcher with 24 workers.
[PhysX] Initialized MultithreadedTaskDispatcher with 24 workers.
 -> (artifact id: '7df15ea3f5ef0b2e7e73e7f10bf265fe') in 0.077186 seconds
Number of updated asset objects reloaded before import = 0
Number of asset objects unloaded after import = 2
========================================================================
Received Import Request.
  Time since last request: 0.000016 seconds.
  path: Assets/Nimikko_Mall/Materials/Textures/T_SM_CeilingVent_01_DefaultMaterial_Masks.png
  artifactKey: Guid(abc00000000017138735314728601805) Importer(815301076,1909f56bfc062723c751e8b465ee728b)
Start importing Assets/Nimikko_Mall/Materials/Textures/T_SM_CeilingVent_01_DefaultMaterial_Masks.png using Guid(abc00000000017138735314728601805) Importer(815301076,1909f56bfc062723c751e8b465ee728b) [PhysX] Initialized MultithreadedTaskDispatcher with 24 workers.
[PhysX] Initialized MultithreadedTaskDispatcher with 24 workers.
 -> (artifact id: '45bacee76d880132d2c4f1854a65ab6e') in 0.018272 seconds
Number of updated asset objects reloaded before import = 0
Number of asset objects unloaded after import = 2
========================================================================
Received Import Request.
  Time since last request: 0.000024 seconds.
  path: Assets/Nimikko_Mall/Materials/Textures/T_shutter_door_2_Material__83__Box004__OcclusionRoughnessMetallic.png
  artifactKey: Guid(abc00000000005873451006265625565) Importer(815301076,1909f56bfc062723c751e8b465ee728b)
Start importing Assets/Nimikko_Mall/Materials/Textures/T_shutter_door_2_Material__83__Box004__OcclusionRoughnessMetallic.png using Guid(abc00000000005873451006265625565) Importer(815301076,1909f56bfc062723c751e8b465ee728b) [PhysX] Initialized MultithreadedTaskDispatcher with 24 workers.
[PhysX] Initialized MultithreadedTaskDispatcher with 24 workers.
 -> (artifact id: '6c12af021724a1f48fbd961dfc1d0fd9') in 0.018748 seconds
Number of updated asset objects reloaded before import = 0
Number of asset objects unloaded after import = 2
========================================================================
Received Import Request.
  Time since last request: 0.748189 seconds.
  path: Assets/Nimikko_Mall/Materials/Textures/T_AdVertical_03.png
  artifactKey: Guid(abc00000000007843238553697533769) Importer(815301076,1909f56bfc062723c751e8b465ee728b)
Start importing Assets/Nimikko_Mall/Materials/Textures/T_AdVertical_03.png using Guid(abc00000000007843238553697533769) Importer(815301076,1909f56bfc062723c751e8b465ee728b) [PhysX] Initialized MultithreadedTaskDispatcher with 24 workers.
[PhysX] Initialized MultithreadedTaskDispatcher with 24 workers.
 -> (artifact id: '7b3e7967ad4c3a1531e2a737f94e3e92') in 0.032483 seconds
Number of updated asset objects reloaded before import = 0
Number of asset objects unloaded after import = 2
========================================================================
Received Import Request.
  Time since last request: 0.000018 seconds.
  path: Assets/Nimikko_Mall/Materials/Textures/T_SM_Escalator_Step_DefaultMaterial_Albedo.png
  artifactKey: Guid(abc00000000014276303414753237711) Importer(815301076,1909f56bfc062723c751e8b465ee728b)
Start importing Assets/Nimikko_Mall/Materials/Textures/T_SM_Escalator_Step_DefaultMaterial_Albedo.png using Guid(abc00000000014276303414753237711) Importer(815301076,1909f56bfc062723c751e8b465ee728b) [PhysX] Initialized MultithreadedTaskDispatcher with 24 workers.
[PhysX] Initialized MultithreadedTaskDispatcher with 24 workers.
 -> (artifact id: 'a22c74a5987fe83f80a91c3c542f3baa') in 0.029980 seconds
Number of updated asset objects reloaded before import = 0
Number of asset objects unloaded after import = 2
========================================================================
Received Import Request.
  Time since last request: 0.000013 seconds.
  path: Assets/Nimikko_Mall/Materials/Textures/T_SM_Mall_Advert_Hanging_01_Empty_DefaultMaterial_Albedo.png
  artifactKey: Guid(abc00000000006527274458131854598) Importer(815301076,1909f56bfc062723c751e8b465ee728b)
Start importing Assets/Nimikko_Mall/Materials/Textures/T_SM_Mall_Advert_Hanging_01_Empty_DefaultMaterial_Albedo.png using Guid(abc00000000006527274458131854598) Importer(815301076,1909f56bfc062723c751e8b465ee728b) [PhysX] Initialized MultithreadedTaskDispatcher with 24 workers.
[PhysX] Initialized MultithreadedTaskDispatcher with 24 workers.
 -> (artifact id: '0cf086f485e1808cfc5bc850c04630a7') in 0.034724 seconds
Number of updated asset objects reloaded before import = 0
Number of asset objects unloaded after import = 2
========================================================================
Received Import Request.
  Time since last request: 0.000020 seconds.
  path: Assets/Nimikko_Mall/Materials/Textures/T_Surface_Parquet_01_Normal.png
  artifactKey: Guid(abc00000000004703347913484719746) Importer(815301076,1909f56bfc062723c751e8b465ee728b)
Start importing Assets/Nimikko_Mall/Materials/Textures/T_Surface_Parquet_01_Normal.png using Guid(abc00000000004703347913484719746) Importer(815301076,1909f56bfc062723c751e8b465ee728b) [PhysX] Initialized MultithreadedTaskDispatcher with 24 workers.
[PhysX] Initialized MultithreadedTaskDispatcher with 24 workers.
 -> (artifact id: '4cdc1e094633458cf83f86c5d6a750b2') in 0.034663 seconds
Number of updated asset objects reloaded before import = 0
Number of asset objects unloaded after import = 2
========================================================================
Received Import Request.
  Time since last request: 0.000034 seconds.
  path: Assets/Nimikko_Mall/Materials/Textures/T_Surface_Tiles_Plain_Masks.png
  artifactKey: Guid(abc00000000012595950001074382158) Importer(815301076,1909f56bfc062723c751e8b465ee728b)
Start importing Assets/Nimikko_Mall/Materials/Textures/T_Surface_Tiles_Plain_Masks.png using Guid(abc00000000012595950001074382158) Importer(815301076,1909f56bfc062723c751e8b465ee728b) [PhysX] Initialized MultithreadedTaskDispatcher with 24 workers.
[PhysX] Initialized MultithreadedTaskDispatcher with 24 workers.
 -> (artifact id: 'c91b2885481dff70b3f3474227892ed4') in 0.026235 seconds
Number of updated asset objects reloaded before import = 0
Number of asset objects unloaded after import = 2
========================================================================
Received Import Request.
  Time since last request: 0.000021 seconds.
  path: Assets/Nimikko_Mall/Materials/Textures/T_SM_SecurityGate_01_DefaultMaterial_Masks.png
  artifactKey: Guid(abc00000000003095658493799354697) Importer(815301076,1909f56bfc062723c751e8b465ee728b)
Start importing Assets/Nimikko_Mall/Materials/Textures/T_SM_SecurityGate_01_DefaultMaterial_Masks.png using Guid(abc00000000003095658493799354697) Importer(815301076,1909f56bfc062723c751e8b465ee728b) [PhysX] Initialized MultithreadedTaskDispatcher with 24 workers.
[PhysX] Initialized MultithreadedTaskDispatcher with 24 workers.
 -> (artifact id: '136f30ca27e1a590a98f820c9a8eb724') in 0.019086 seconds
Number of updated asset objects reloaded before import = 0
Number of asset objects unloaded after import = 2
========================================================================
Received Import Request.
  Time since last request: 0.000021 seconds.
  path: Assets/Nimikko_Mall/Materials/Textures/T_Surface_ConcreteWallExterior_Albedo.png
  artifactKey: Guid(abc00000000000640095985415688721) Importer(815301076,1909f56bfc062723c751e8b465ee728b)
Start importing Assets/Nimikko_Mall/Materials/Textures/T_Surface_ConcreteWallExterior_Albedo.png using Guid(abc00000000000640095985415688721) Importer(815301076,1909f56bfc062723c751e8b465ee728b) [PhysX] Initialized MultithreadedTaskDispatcher with 24 workers.
[PhysX] Initialized MultithreadedTaskDispatcher with 24 workers.
 -> (artifact id: '1e00f5b4f9262bacbf99d15b4564bf51') in 0.030589 seconds
Number of updated asset objects reloaded before import = 0
Number of asset objects unloaded after import = 2
========================================================================
Received Import Request.
  Time since last request: 0.000015 seconds.
  path: Assets/Nimikko_Mall/Materials/Textures/T_SM_FireAlarmCeiling_01_Plastic_Masks.png
  artifactKey: Guid(abc00000000002684846205156955699) Importer(815301076,1909f56bfc062723c751e8b465ee728b)
Start importing Assets/Nimikko_Mall/Materials/Textures/T_SM_FireAlarmCeiling_01_Plastic_Masks.png using Guid(abc00000000002684846205156955699) Importer(815301076,1909f56bfc062723c751e8b465ee728b) [PhysX] Initialized MultithreadedTaskDispatcher with 24 workers.
[PhysX] Initialized MultithreadedTaskDispatcher with 24 workers.
 -> (artifact id: 'a31fff87a8d1cf40fe74139346428784') in 0.016433 seconds
Number of updated asset objects reloaded before import = 0
Number of asset objects unloaded after import = 2
========================================================================
Received Import Request.
  Time since last request: 0.000018 seconds.
  path: Assets/Nimikko_Mall/Materials/Textures/T_Surface_Tarp_Albedo.png
  artifactKey: Guid(abc00000000000129679131344263681) Importer(815301076,1909f56bfc062723c751e8b465ee728b)
Start importing Assets/Nimikko_Mall/Materials/Textures/T_Surface_Tarp_Albedo.png using Guid(abc00000000000129679131344263681) Importer(815301076,1909f56bfc062723c751e8b465ee728b) [PhysX] Initialized MultithreadedTaskDispatcher with 24 workers.
[PhysX] Initialized MultithreadedTaskDispatcher with 24 workers.
 -> (artifact id: '9b8c5de3ae933e9f7470cd566fd2803e') in 0.026885 seconds
Number of updated asset objects reloaded before import = 0
Number of asset objects unloaded after import = 2
========================================================================
Received Import Request.
  Time since last request: 0.000021 seconds.
  path: Assets/Nimikko_Mall/Materials/Textures/T_SM_Railing_01_150_BaseMaterial_Normal.png
  artifactKey: Guid(abc00000000008071977055466637489) Importer(815301076,1909f56bfc062723c751e8b465ee728b)
Start importing Assets/Nimikko_Mall/Materials/Textures/T_SM_Railing_01_150_BaseMaterial_Normal.png using Guid(abc00000000008071977055466637489) Importer(815301076,1909f56bfc062723c751e8b465ee728b) [PhysX] Initialized MultithreadedTaskDispatcher with 24 workers.
[PhysX] Initialized MultithreadedTaskDispatcher with 24 workers.
 -> (artifact id: 'c97890410a0bc4d8b108afad0f7b9d11') in 0.032279 seconds
Number of updated asset objects reloaded before import = 0
Number of asset objects unloaded after import = 2
========================================================================
Received Import Request.
  Time since last request: 0.000013 seconds.
  path: Assets/Nimikko_Mall/Materials/Textures/T_SM_Plate_Plate_Normal.png
  artifactKey: Guid(abc00000000010097247495799668512) Importer(815301076,1909f56bfc062723c751e8b465ee728b)
Start importing Assets/Nimikko_Mall/Materials/Textures/T_SM_Plate_Plate_Normal.png using Guid(abc00000000010097247495799668512) Importer(815301076,1909f56bfc062723c751e8b465ee728b) [PhysX] Initialized MultithreadedTaskDispatcher with 24 workers.
[PhysX] Initialized MultithreadedTaskDispatcher with 24 workers.
 -> (artifact id: '21a54f491b5e8fb1a1528f5730ba5ceb') in 0.029757 seconds
Number of updated asset objects reloaded before import = 0
Number of asset objects unloaded after import = 2
========================================================================
Received Import Request.
  Time since last request: 0.000019 seconds.
  path: Assets/Nimikko_Mall/Materials/Textures/T_SM_Railing_01_150_BaseMaterial_Masks.png
  artifactKey: Guid(abc00000000016527512489816815425) Importer(815301076,1909f56bfc062723c751e8b465ee728b)
Start importing Assets/Nimikko_Mall/Materials/Textures/T_SM_Railing_01_150_BaseMaterial_Masks.png using Guid(abc00000000016527512489816815425) Importer(815301076,1909f56bfc062723c751e8b465ee728b) [PhysX] Initialized MultithreadedTaskDispatcher with 24 workers.
[PhysX] Initialized MultithreadedTaskDispatcher with 24 workers.
 -> (artifact id: 'b923a287d3e4af7502935f5057eb97cc') in 0.015945 seconds
Number of updated asset objects reloaded before import = 0
Number of asset objects unloaded after import = 2
========================================================================
Received Import Request.
  Time since last request: 13.181163 seconds.
  path: Assets/TextMesh Pro/Examples & Extras/Textures/Sunny Days - Seamless.jpg
  artifactKey: Guid(17c350171f7a3ca479f830547c66d187) Importer(815301076,1909f56bfc062723c751e8b465ee728b)
Start importing Assets/TextMesh Pro/Examples & Extras/Textures/Sunny Days - Seamless.jpg using Guid(17c350171f7a3ca479f830547c66d187) Importer(815301076,1909f56bfc062723c751e8b465ee728b) [PhysX] Initialized MultithreadedTaskDispatcher with 24 workers.
[PhysX] Initialized MultithreadedTaskDispatcher with 24 workers.
 -> (artifact id: '0c7d97f95c1caea3b2e129c543b18d32') in 0.008972 seconds
Number of updated asset objects reloaded before import = 0
Number of asset objects unloaded after import = 2
========================================================================
Received Import Request.
  Time since last request: 0.393410 seconds.
  path: Assets/TextMesh Pro/Examples & Extras/Textures/Small Crate_diffuse.jpg
  artifactKey: Guid(602cb87b6a29443b8636370ea0751574) Importer(815301076,1909f56bfc062723c751e8b465ee728b)
Start importing Assets/TextMesh Pro/Examples & Extras/Textures/Small Crate_diffuse.jpg using Guid(602cb87b6a29443b8636370ea0751574) Importer(815301076,1909f56bfc062723c751e8b465ee728b) [PhysX] Initialized MultithreadedTaskDispatcher with 24 workers.
[PhysX] Initialized MultithreadedTaskDispatcher with 24 workers.
 -> (artifact id: '8afcb1b92c348542526a47fd454eb227') in 0.010151 seconds
Number of updated asset objects reloaded before import = 0
Number of asset objects unloaded after import = 2
========================================================================
Received Import Request.
  Time since last request: 0.018097 seconds.
  path: Assets/Planets of the Solar System 3D/Textures/Planets/Saturn_Lod.png
  artifactKey: Guid(83e70baf360a54388bf937bfb511fd91) Importer(815301076,1909f56bfc062723c751e8b465ee728b)
Start importing Assets/Planets of the Solar System 3D/Textures/Planets/Saturn_Lod.png using Guid(83e70baf360a54388bf937bfb511fd91) Importer(815301076,1909f56bfc062723c751e8b465ee728b) [PhysX] Initialized MultithreadedTaskDispatcher with 24 workers.
[PhysX] Initialized MultithreadedTaskDispatcher with 24 workers.
 -> (artifact id: '0db39ef98034efffb2ed77a50bcbb98f') in 0.020156 seconds
Number of updated asset objects reloaded before import = 0
Number of asset objects unloaded after import = 2
========================================================================
Received Import Request.
  Time since last request: 0.016785 seconds.
  path: Assets/Samples/XR Interaction Toolkit/2.6.5/Starter Assets/DemoSceneAssets/Sprites/Round Radius 4 Outline.png
  artifactKey: Guid(b7bad1260586fa746a0b67e930892936) Importer(815301076,1909f56bfc062723c751e8b465ee728b)
Start importing Assets/Samples/XR Interaction Toolkit/2.6.5/Starter Assets/DemoSceneAssets/Sprites/Round Radius 4 Outline.png using Guid(b7bad1260586fa746a0b67e930892936) Importer(815301076,1909f56bfc062723c751e8b465ee728b) [PhysX] Initialized MultithreadedTaskDispatcher with 24 workers.
[PhysX] Initialized MultithreadedTaskDispatcher with 24 workers.
 -> (artifact id: '9d743b41cdffacbb90599f67f17c13b7') in 0.015577 seconds
Number of updated asset objects reloaded before import = 0
Number of asset objects unloaded after import = 3
========================================================================
Received Import Request.
  Time since last request: 0.045026 seconds.
  path: Assets/Free Skyboxes - Space/SBS Space 1/Medium/Textures/Right_Space 1 Medium.png
  artifactKey: Guid(0fcf037655ad32140902641ba8e1a0a6) Importer(815301076,1909f56bfc062723c751e8b465ee728b)
Start importing Assets/Free Skyboxes - Space/SBS Space 1/Medium/Textures/Right_Space 1 Medium.png using Guid(0fcf037655ad32140902641ba8e1a0a6) Importer(815301076,1909f56bfc062723c751e8b465ee728b) [PhysX] Initialized MultithreadedTaskDispatcher with 24 workers.
[PhysX] Initialized MultithreadedTaskDispatcher with 24 workers.
 -> (artifact id: '4dfef596ecf6d8342a1c188ccb1e497d') in 0.020191 seconds
Number of updated asset objects reloaded before import = 0
Number of asset objects unloaded after import = 2
========================================================================
Received Import Request.
  Time since last request: 0.837774 seconds.
  path: Assets/Free Skyboxes - Space/SBS Space 3/Small/Textures/Right_Small.png
  artifactKey: Guid(73ef011a57b98654dae03da5563ca4df) Importer(815301076,1909f56bfc062723c751e8b465ee728b)
Start importing Assets/Free Skyboxes - Space/SBS Space 3/Small/Textures/Right_Small.png using Guid(73ef011a57b98654dae03da5563ca4df) Importer(815301076,1909f56bfc062723c751e8b465ee728b) [PhysX] Initialized MultithreadedTaskDispatcher with 24 workers.
[PhysX] Initialized MultithreadedTaskDispatcher with 24 workers.
 -> (artifact id: 'cc457a707284cb32ac502a7991c768a7') in 0.013055 seconds
Number of updated asset objects reloaded before import = 0
Number of asset objects unloaded after import = 2
========================================================================
Received Import Request.
  Time since last request: 0.010838 seconds.
  path: Assets/Free Skyboxes - Space/SBS Space 2/Medium/Textures/Right_Skybox_Space 2 Medium.png
  artifactKey: Guid(5e95ac97d7cdba949ba381e8bdf6cbd5) Importer(815301076,1909f56bfc062723c751e8b465ee728b)
Start importing Assets/Free Skyboxes - Space/SBS Space 2/Medium/Textures/Right_Skybox_Space 2 Medium.png using Guid(5e95ac97d7cdba949ba381e8bdf6cbd5) Importer(815301076,1909f56bfc062723c751e8b465ee728b) [PhysX] Initialized MultithreadedTaskDispatcher with 24 workers.
[PhysX] Initialized MultithreadedTaskDispatcher with 24 workers.
 -> (artifact id: '1dcb7635e75effcc63431ef07ea92fb6') in 0.020163 seconds
Number of updated asset objects reloaded before import = 0
Number of asset objects unloaded after import = 2
========================================================================
Received Import Request.
  Time since last request: 0.013216 seconds.
  path: Assets/Nimikko_Mall/Mall/ReflectionProbe-23.exr
  artifactKey: Guid(04e9f3f616346af49b4a1fde34c423c6) Importer(815301076,1909f56bfc062723c751e8b465ee728b)
Start importing Assets/Nimikko_Mall/Mall/ReflectionProbe-23.exr using Guid(04e9f3f616346af49b4a1fde34c423c6) Importer(815301076,1909f56bfc062723c751e8b465ee728b) [PhysX] Initialized MultithreadedTaskDispatcher with 24 workers.
[PhysX] Initialized MultithreadedTaskDispatcher with 24 workers.
[PhysX] Initialized MultithreadedTaskDispatcher with 24 workers.
 -> (artifact id: 'f5260f21c70b9fb45ca973fd325dbb76') in 0.018131 seconds
Number of updated asset objects reloaded before import = 0
Number of asset objects unloaded after import = 1
========================================================================
Received Import Request.
  Time since last request: 0.001800 seconds.
  path: Assets/Nimikko_Mall/Mall/ReflectionProbe-29.exr
  artifactKey: Guid(fe8e52bab138f3543a4b3c1333be0f69) Importer(815301076,1909f56bfc062723c751e8b465ee728b)
Start importing Assets/Nimikko_Mall/Mall/ReflectionProbe-29.exr using Guid(fe8e52bab138f3543a4b3c1333be0f69) Importer(815301076,1909f56bfc062723c751e8b465ee728b) [PhysX] Initialized MultithreadedTaskDispatcher with 24 workers.
[PhysX] Initialized MultithreadedTaskDispatcher with 24 workers.
[PhysX] Initialized MultithreadedTaskDispatcher with 24 workers.
 -> (artifact id: 'da78f04137ce47daaacc27bf99c9f3f9') in 0.013590 seconds
Number of updated asset objects reloaded before import = 0
Number of asset objects unloaded after import = 1
========================================================================
Received Import Request.
  Time since last request: 0.015768 seconds.
  path: Assets/Nimikko_Mall/Mall/Lightmap-91_comp_dir.png
  artifactKey: Guid(4b9596c0e40cbe7449e1621d41d4745e) Importer(815301076,1909f56bfc062723c751e8b465ee728b)
Start importing Assets/Nimikko_Mall/Mall/Lightmap-91_comp_dir.png using Guid(4b9596c0e40cbe7449e1621d41d4745e) Importer(815301076,1909f56bfc062723c751e8b465ee728b) [PhysX] Initialized MultithreadedTaskDispatcher with 24 workers.
[PhysX] Initialized MultithreadedTaskDispatcher with 24 workers.
 -> (artifact id: '4f5813ca89b690ee6ea5ee37670b684f') in 0.014896 seconds
Number of updated asset objects reloaded before import = 0
Number of asset objects unloaded after import = 2
========================================================================
Received Import Request.
  Time since last request: 0.003828 seconds.
  path: Assets/Nimikko_Mall/Mall/Lightmap-93_comp_light.exr
  artifactKey: Guid(d12dfefe9f3f6874a91bb2e583c3434b) Importer(815301076,1909f56bfc062723c751e8b465ee728b)
Start importing Assets/Nimikko_Mall/Mall/Lightmap-93_comp_light.exr using Guid(d12dfefe9f3f6874a91bb2e583c3434b) Importer(815301076,1909f56bfc062723c751e8b465ee728b) [PhysX] Initialized MultithreadedTaskDispatcher with 24 workers.
[PhysX] Initialized MultithreadedTaskDispatcher with 24 workers.
 -> (artifact id: '959d950037d4e395a9e94c8046077287') in 0.031653 seconds
Number of updated asset objects reloaded before import = 0
Number of asset objects unloaded after import = 2
========================================================================
Received Import Request.
  Time since last request: 0.000031 seconds.
  path: Assets/Nimikko_Mall/Mall/Lightmap-32_comp_light.exr
  artifactKey: Guid(3f970e7481f43ba4ba563b7f719d1e66) Importer(815301076,1909f56bfc062723c751e8b465ee728b)
Start importing Assets/Nimikko_Mall/Mall/Lightmap-32_comp_light.exr using Guid(3f970e7481f43ba4ba563b7f719d1e66) Importer(815301076,1909f56bfc062723c751e8b465ee728b) [PhysX] Initialized MultithreadedTaskDispatcher with 24 workers.
[PhysX] Initialized MultithreadedTaskDispatcher with 24 workers.
 -> (artifact id: '1f03e177a28c442713d852b21b893a2e') in 0.017891 seconds
Number of updated asset objects reloaded before import = 0
Number of asset objects unloaded after import = 2
========================================================================
Received Import Request.
  Time since last request: 0.000606 seconds.
  path: Assets/Nimikko_Mall/Mall/Lightmap-19_comp_shadowmask.png
  artifactKey: Guid(bf0a9fadd7dd9f04fb2b43207c18cf27) Importer(815301076,1909f56bfc062723c751e8b465ee728b)
Start importing Assets/Nimikko_Mall/Mall/Lightmap-19_comp_shadowmask.png using Guid(bf0a9fadd7dd9f04fb2b43207c18cf27) Importer(815301076,1909f56bfc062723c751e8b465ee728b) [PhysX] Initialized MultithreadedTaskDispatcher with 24 workers.
[PhysX] Initialized MultithreadedTaskDispatcher with 24 workers.
 -> (artifact id: '597a05d96e944aa48d048cf4d55d1c94') in 0.013041 seconds
Number of updated asset objects reloaded before import = 0
Number of asset objects unloaded after import = 2
========================================================================
Received Import Request.
  Time since last request: 0.000013 seconds.
  path: Assets/Nimikko_Mall/Mall/Lightmap-20_comp_dir.png
  artifactKey: Guid(70fdfc591148cb84f9d819d25db8445a) Importer(815301076,1909f56bfc062723c751e8b465ee728b)
Start importing Assets/Nimikko_Mall/Mall/Lightmap-20_comp_dir.png using Guid(70fdfc591148cb84f9d819d25db8445a) Importer(815301076,1909f56bfc062723c751e8b465ee728b) [PhysX] Initialized MultithreadedTaskDispatcher with 24 workers.
[PhysX] Initialized MultithreadedTaskDispatcher with 24 workers.
 -> (artifact id: '18590738aaefa4b40cd0b7962723d072') in 0.015643 seconds
Number of updated asset objects reloaded before import = 0
Number of asset objects unloaded after import = 2
========================================================================
Received Import Request.
  Time since last request: 0.000017 seconds.
  path: Assets/Nimikko_Mall/Mall/Lightmap-10_comp_dir.png
  artifactKey: Guid(d8ec147cf736fa046bc23bf93ea2d3dd) Importer(815301076,1909f56bfc062723c751e8b465ee728b)
Start importing Assets/Nimikko_Mall/Mall/Lightmap-10_comp_dir.png using Guid(d8ec147cf736fa046bc23bf93ea2d3dd) Importer(815301076,1909f56bfc062723c751e8b465ee728b) [PhysX] Initialized MultithreadedTaskDispatcher with 24 workers.
[PhysX] Initialized MultithreadedTaskDispatcher with 24 workers.
 -> (artifact id: '85b8e49dbfe07213aa1b59361a9a898f') in 0.014358 seconds
Number of updated asset objects reloaded before import = 0
Number of asset objects unloaded after import = 2
========================================================================
Received Import Request.
  Time since last request: 0.000017 seconds.
  path: Assets/Nimikko_Mall/Mall/Lightmap-7_comp_shadowmask.png
  artifactKey: Guid(de79ffc38fa369d45bc9824999c9b7b4) Importer(815301076,1909f56bfc062723c751e8b465ee728b)
Start importing Assets/Nimikko_Mall/Mall/Lightmap-7_comp_shadowmask.png using Guid(de79ffc38fa369d45bc9824999c9b7b4) Importer(815301076,1909f56bfc062723c751e8b465ee728b) [PhysX] Initialized MultithreadedTaskDispatcher with 24 workers.
[PhysX] Initialized MultithreadedTaskDispatcher with 24 workers.
 -> (artifact id: 'b1291af2fa323e8cddbede84ddea374e') in 0.011978 seconds
Number of updated asset objects reloaded before import = 0
Number of asset objects unloaded after import = 2
========================================================================
Received Import Request.
  Time since last request: 0.002798 seconds.
  path: Assets/Planets of the Solar System 3D/Textures/Planets/Jupiter_2k.png
  artifactKey: Guid(2f1708834aabb4bd582abee7638e4da5) Importer(815301076,1909f56bfc062723c751e8b465ee728b)
Start importing Assets/Planets of the Solar System 3D/Textures/Planets/Jupiter_2k.png using Guid(2f1708834aabb4bd582abee7638e4da5) Importer(815301076,1909f56bfc062723c751e8b465ee728b) [PhysX] Initialized MultithreadedTaskDispatcher with 24 workers.
[PhysX] Initialized MultithreadedTaskDispatcher with 24 workers.
 -> (artifact id: '3836a0d7fed123915a92df921a1963c1') in 0.016964 seconds
Number of updated asset objects reloaded before import = 0
Number of asset objects unloaded after import = 2
========================================================================
Received Import Request.
  Time since last request: 0.003917 seconds.
  path: Assets/Free Skyboxes - Space/SBS Space 2/Large/Textures/Left_Large.png
  artifactKey: Guid(585e6de8672d34143ba645ecccffcd3b) Importer(815301076,1909f56bfc062723c751e8b465ee728b)
Start importing Assets/Free Skyboxes - Space/SBS Space 2/Large/Textures/Left_Large.png using Guid(585e6de8672d34143ba645ecccffcd3b) Importer(815301076,1909f56bfc062723c751e8b465ee728b) [PhysX] Initialized MultithreadedTaskDispatcher with 24 workers.
[PhysX] Initialized MultithreadedTaskDispatcher with 24 workers.
 -> (artifact id: '627278f818dab4757f49ace0a010130d') in 0.081567 seconds
Number of updated asset objects reloaded before import = 0
Number of asset objects unloaded after import = 2
========================================================================
Received Import Request.
  Time since last request: 14.384182 seconds.
  path: Assets/Nimikko_Mall/Mall/ReflectionProbe-35.exr
  artifactKey: Guid(2780a243e8368184dbc1efe340205d05) Importer(815301076,1909f56bfc062723c751e8b465ee728b)
Start importing Assets/Nimikko_Mall/Mall/ReflectionProbe-35.exr using Guid(2780a243e8368184dbc1efe340205d05) Importer(815301076,1909f56bfc062723c751e8b465ee728b) [PhysX] Initialized MultithreadedTaskDispatcher with 24 workers.
[PhysX] Initialized MultithreadedTaskDispatcher with 24 workers.
[PhysX] Initialized MultithreadedTaskDispatcher with 24 workers.
 -> (artifact id: 'bf32e50ef27130ce2326324ef878248c') in 0.014526 seconds
Number of updated asset objects reloaded before import = 0
Number of asset objects unloaded after import = 1
========================================================================
Received Import Request.
  Time since last request: 0.001126 seconds.
  path: Assets/Free Skyboxes - Space/SBS Space 4/Large/Textures/Right_Large.png
  artifactKey: Guid(42dfd8aee52c64343912ad71b8ea87d1) Importer(815301076,1909f56bfc062723c751e8b465ee728b)
Start importing Assets/Free Skyboxes - Space/SBS Space 4/Large/Textures/Right_Large.png using Guid(42dfd8aee52c64343912ad71b8ea87d1) Importer(815301076,1909f56bfc062723c751e8b465ee728b) [PhysX] Initialized MultithreadedTaskDispatcher with 24 workers.
[PhysX] Initialized MultithreadedTaskDispatcher with 24 workers.
 -> (artifact id: 'a7cfd42417df52a299d94cedcfc217fa') in 0.052837 seconds
Number of updated asset objects reloaded before import = 0
Number of asset objects unloaded after import = 2
========================================================================
Received Import Request.
  Time since last request: 0.002809 seconds.
  path: Assets/Nimikko_Mall/Mall/Lightmap-96_comp_dir.png
  artifactKey: Guid(bccfe889eaef6b54586602040254cb42) Importer(815301076,1909f56bfc062723c751e8b465ee728b)
Start importing Assets/Nimikko_Mall/Mall/Lightmap-96_comp_dir.png using Guid(bccfe889eaef6b54586602040254cb42) Importer(815301076,1909f56bfc062723c751e8b465ee728b) [PhysX] Initialized MultithreadedTaskDispatcher with 24 workers.
[PhysX] Initialized MultithreadedTaskDispatcher with 24 workers.
 -> (artifact id: '70fe0c929db6156c1582c931557721ff') in 0.014966 seconds
Number of updated asset objects reloaded before import = 0
Number of asset objects unloaded after import = 2
========================================================================
Received Import Request.
  Time since last request: 0.001532 seconds.
  path: Assets/Nimikko_Mall/Mall/Lightmap-98_comp_dir.png
  artifactKey: Guid(6b2db08ce7a0a1c458b77b67d05d4bc3) Importer(815301076,1909f56bfc062723c751e8b465ee728b)
Start importing Assets/Nimikko_Mall/Mall/Lightmap-98_comp_dir.png using Guid(6b2db08ce7a0a1c458b77b67d05d4bc3) Importer(815301076,1909f56bfc062723c751e8b465ee728b) [PhysX] Initialized MultithreadedTaskDispatcher with 24 workers.
[PhysX] Initialized MultithreadedTaskDispatcher with 24 workers.
 -> (artifact id: '58ccf7190184b387f318fd58a66c5b19') in 0.016738 seconds
Number of updated asset objects reloaded before import = 0
Number of asset objects unloaded after import = 2
========================================================================
Received Import Request.
  Time since last request: 0.018237 seconds.
  path: Assets/Nimikko_Mall/Mall/Lightmap-27_comp_dir.png
  artifactKey: Guid(402f887af8d8a9f4980a62b3b19c9686) Importer(815301076,1909f56bfc062723c751e8b465ee728b)
Start importing Assets/Nimikko_Mall/Mall/Lightmap-27_comp_dir.png using Guid(402f887af8d8a9f4980a62b3b19c9686) Importer(815301076,1909f56bfc062723c751e8b465ee728b) [PhysX] Initialized MultithreadedTaskDispatcher with 24 workers.
[PhysX] Initialized MultithreadedTaskDispatcher with 24 workers.
 -> (artifact id: '07a72e42421992a8d8e53338ba9e7717') in 0.014762 seconds
Number of updated asset objects reloaded before import = 0
Number of asset objects unloaded after import = 2
========================================================================
Received Import Request.
  Time since last request: 0.000018 seconds.
  path: Assets/Nimikko_Mall/Mall/Lightmap-29_comp_dir.png
  artifactKey: Guid(275cde3e084c50a4780cf5e52ab91f60) Importer(815301076,1909f56bfc062723c751e8b465ee728b)
Start importing Assets/Nimikko_Mall/Mall/Lightmap-29_comp_dir.png using Guid(275cde3e084c50a4780cf5e52ab91f60) Importer(815301076,1909f56bfc062723c751e8b465ee728b) [PhysX] Initialized MultithreadedTaskDispatcher with 24 workers.
[PhysX] Initialized MultithreadedTaskDispatcher with 24 workers.
 -> (artifact id: '8fab5c1ddb8bad6160b86034916342bd') in 0.015970 seconds
Number of updated asset objects reloaded before import = 0
Number of asset objects unloaded after import = 2
========================================================================
Received Import Request.
  Time since last request: 0.000019 seconds.
  path: Assets/Nimikko_Mall/Mall/Lightmap-12_comp_dir.png
  artifactKey: Guid(16c326925660be847ad6bb664fb9e907) Importer(815301076,1909f56bfc062723c751e8b465ee728b)
Start importing Assets/Nimikko_Mall/Mall/Lightmap-12_comp_dir.png using Guid(16c326925660be847ad6bb664fb9e907) Importer(815301076,1909f56bfc062723c751e8b465ee728b) [PhysX] Initialized MultithreadedTaskDispatcher with 24 workers.
[PhysX] Initialized MultithreadedTaskDispatcher with 24 workers.
 -> (artifact id: 'c4ee67883b7938cd83618645ca7a5090') in 0.014214 seconds
Number of updated asset objects reloaded before import = 0
Number of asset objects unloaded after import = 2
========================================================================
Received Import Request.
  Time since last request: 0.000776 seconds.
  path: Assets/Free Skyboxes - Space/SBS Space 5/Small/Textures/Left_Small.png
  artifactKey: Guid(c2838410b7df3af449e347057d4d1b8f) Importer(815301076,1909f56bfc062723c751e8b465ee728b)
Start importing Assets/Free Skyboxes - Space/SBS Space 5/Small/Textures/Left_Small.png using Guid(c2838410b7df3af449e347057d4d1b8f) Importer(815301076,1909f56bfc062723c751e8b465ee728b) [PhysX] Initialized MultithreadedTaskDispatcher with 24 workers.
[PhysX] Initialized MultithreadedTaskDispatcher with 24 workers.
 -> (artifact id: '72de76d380297038ed3fb338a8b6dae9') in 0.011502 seconds
Number of updated asset objects reloaded before import = 0
Number of asset objects unloaded after import = 2
========================================================================
Received Import Request.
  Time since last request: 0.000211 seconds.
  path: Assets/Free Skyboxes - Space/SBS Space 1/Large/Textures/Left_Space 1 Large.png
  artifactKey: Guid(e5bfc1abc53e0f24bbcfe5f5b5de835e) Importer(815301076,1909f56bfc062723c751e8b465ee728b)
Start importing Assets/Free Skyboxes - Space/SBS Space 1/Large/Textures/Left_Space 1 Large.png using Guid(e5bfc1abc53e0f24bbcfe5f5b5de835e) Importer(815301076,1909f56bfc062723c751e8b465ee728b) [PhysX] Initialized MultithreadedTaskDispatcher with 24 workers.
[PhysX] Initialized MultithreadedTaskDispatcher with 24 workers.
 -> (artifact id: '7629963e3d52508b50c93a0768a16896') in 0.056449 seconds
Number of updated asset objects reloaded before import = 0
Number of asset objects unloaded after import = 2
========================================================================
Received Import Request.
  Time since last request: 6.265108 seconds.
  path: Assets/Free Skyboxes - Space/SBS Space 3/Medium/Textures/Right_Medium.png
  artifactKey: Guid(83ea2f4cbe0af51468067a6b06a8b6f7) Importer(815301076,1909f56bfc062723c751e8b465ee728b)
Start importing Assets/Free Skyboxes - Space/SBS Space 3/Medium/Textures/Right_Medium.png using Guid(83ea2f4cbe0af51468067a6b06a8b6f7) Importer(815301076,1909f56bfc062723c751e8b465ee728b) [PhysX] Initialized MultithreadedTaskDispatcher with 24 workers.
[PhysX] Initialized MultithreadedTaskDispatcher with 24 workers.
 -> (artifact id: '6f0ac301691c27b66bb50babd6dd67df') in 0.021979 seconds
Number of updated asset objects reloaded before import = 0
Number of asset objects unloaded after import = 2
========================================================================
Received Import Request.
  Time since last request: 0.003127 seconds.
  path: Assets/Planets of the Solar System 3D/Textures/Planets/Moon_Lod.png
  artifactKey: Guid(ed72c23d28c714738bace7abf3ce7787) Importer(815301076,1909f56bfc062723c751e8b465ee728b)
Start importing Assets/Planets of the Solar System 3D/Textures/Planets/Moon_Lod.png using Guid(ed72c23d28c714738bace7abf3ce7787) Importer(815301076,1909f56bfc062723c751e8b465ee728b) [PhysX] Initialized MultithreadedTaskDispatcher with 24 workers.
[PhysX] Initialized MultithreadedTaskDispatcher with 24 workers.
 -> (artifact id: '587ecc32162e0f5a4934ea446ec2911d') in 0.013569 seconds
Number of updated asset objects reloaded before import = 0
Number of asset objects unloaded after import = 2
========================================================================
Received Import Request.
  Time since last request: 0.004380 seconds.
  path: Assets/Planets of the Solar System 3D/Textures/Planets/Pluto_Lod.png
  artifactKey: Guid(9cbb5d77b1db34ddba3d8974e28dfcd1) Importer(815301076,1909f56bfc062723c751e8b465ee728b)
Start importing Assets/Planets of the Solar System 3D/Textures/Planets/Pluto_Lod.png using Guid(9cbb5d77b1db34ddba3d8974e28dfcd1) Importer(815301076,1909f56bfc062723c751e8b465ee728b) [PhysX] Initialized MultithreadedTaskDispatcher with 24 workers.
[PhysX] Initialized MultithreadedTaskDispatcher with 24 workers.
 -> (artifact id: '1d1966fdc77af231c394958a61bc5bba') in 0.019798 seconds
Number of updated asset objects reloaded before import = 0
Number of asset objects unloaded after import = 2
========================================================================
Received Import Request.
  Time since last request: 0.010233 seconds.
  path: Assets/Nimikko_Mall/Mall/Lightmap-62_comp_dir.png
  artifactKey: Guid(93a89a80597bf9c4ab13fb67a2801605) Importer(815301076,1909f56bfc062723c751e8b465ee728b)
Start importing Assets/Nimikko_Mall/Mall/Lightmap-62_comp_dir.png using Guid(93a89a80597bf9c4ab13fb67a2801605) Importer(815301076,1909f56bfc062723c751e8b465ee728b) [PhysX] Initialized MultithreadedTaskDispatcher with 24 workers.
[PhysX] Initialized MultithreadedTaskDispatcher with 24 workers.
 -> (artifact id: 'bf3b9f0b8cebdc151edcc2ebf9038bdf') in 0.013689 seconds
Number of updated asset objects reloaded before import = 0
Number of asset objects unloaded after import = 2
========================================================================
Received Import Request.
  Time since last request: 0.001948 seconds.
  path: Assets/Nimikko_Mall/Mall/Lightmap-64_comp_dir.png
  artifactKey: Guid(15b55769d2057df499e84f526e5ccf87) Importer(815301076,1909f56bfc062723c751e8b465ee728b)
Start importing Assets/Nimikko_Mall/Mall/Lightmap-64_comp_dir.png using Guid(15b55769d2057df499e84f526e5ccf87) Importer(815301076,1909f56bfc062723c751e8b465ee728b) [PhysX] Initialized MultithreadedTaskDispatcher with 24 workers.
[PhysX] Initialized MultithreadedTaskDispatcher with 24 workers.
 -> (artifact id: '853e7f888f47510d874dac190fb00a9a') in 0.013040 seconds
Number of updated asset objects reloaded before import = 0
Number of asset objects unloaded after import = 2
========================================================================
Received Import Request.
  Time since last request: 0.003449 seconds.
  path: Assets/Nimikko_Mall/Mall/Lightmap-66_comp_dir.png
  artifactKey: Guid(485db87870b40204992e6df9f3ffc8fc) Importer(815301076,1909f56bfc062723c751e8b465ee728b)
Start importing Assets/Nimikko_Mall/Mall/Lightmap-66_comp_dir.png using Guid(485db87870b40204992e6df9f3ffc8fc) Importer(815301076,1909f56bfc062723c751e8b465ee728b) [PhysX] Initialized MultithreadedTaskDispatcher with 24 workers.
[PhysX] Initialized MultithreadedTaskDispatcher with 24 workers.
 -> (artifact id: '3d1f1218c331794ad51b269fc94280cf') in 0.012866 seconds
Number of updated asset objects reloaded before import = 0
Number of asset objects unloaded after import = 2
========================================================================
Received Import Request.
  Time since last request: 0.008271 seconds.
  path: Assets/Free Skyboxes - Space/SBS Space 1/Medium/Textures/Down_Space 1 Medium.png
  artifactKey: Guid(97338ff225357e3408efbe3910f1cbb6) Importer(815301076,1909f56bfc062723c751e8b465ee728b)
Start importing Assets/Free Skyboxes - Space/SBS Space 1/Medium/Textures/Down_Space 1 Medium.png using Guid(97338ff225357e3408efbe3910f1cbb6) Importer(815301076,1909f56bfc062723c751e8b465ee728b) [PhysX] Initialized MultithreadedTaskDispatcher with 24 workers.
[PhysX] Initialized MultithreadedTaskDispatcher with 24 workers.
 -> (artifact id: '3624a31fbd3ad7ebdac584cb0a6da12a') in 0.025661 seconds
Number of updated asset objects reloaded before import = 0
Number of asset objects unloaded after import = 2
========================================================================
Received Import Request.
  Time since last request: 0.000015 seconds.
  path: Assets/TextMesh Pro/Examples & Extras/Textures/Floor Cement.jpg
  artifactKey: Guid(283f897e4925411ebbaa758b4cb13fc2) Importer(815301076,1909f56bfc062723c751e8b465ee728b)
Start importing Assets/TextMesh Pro/Examples & Extras/Textures/Floor Cement.jpg using Guid(283f897e4925411ebbaa758b4cb13fc2) Importer(815301076,1909f56bfc062723c751e8b465ee728b) [PhysX] Initialized MultithreadedTaskDispatcher with 24 workers.
[PhysX] Initialized MultithreadedTaskDispatcher with 24 workers.
 -> (artifact id: '41eccaf6da7a72fd3733ba2986f6feaf') in 0.011378 seconds
Number of updated asset objects reloaded before import = 0
Number of asset objects unloaded after import = 2
========================================================================
Received Import Request.
  Time since last request: 17.329268 seconds.
  path: Assets/TextMesh Pro/Examples & Extras/Textures/Gradient Diagonal (Color).jpg
  artifactKey: Guid(2ce5c55e85304b819a1826ecbc839aa5) Importer(815301076,1909f56bfc062723c751e8b465ee728b)
Start importing Assets/TextMesh Pro/Examples & Extras/Textures/Gradient Diagonal (Color).jpg using Guid(2ce5c55e85304b819a1826ecbc839aa5) Importer(815301076,1909f56bfc062723c751e8b465ee728b) [PhysX] Initialized MultithreadedTaskDispatcher with 24 workers.
[PhysX] Initialized MultithreadedTaskDispatcher with 24 workers.
 -> (artifact id: '15bf0d5b52d553f5e447160283e8476a') in 0.008028 seconds
Number of updated asset objects reloaded before import = 0
Number of asset objects unloaded after import = 2
========================================================================
Received Import Request.
  Time since last request: 0.008615 seconds.
  path: Assets/Nimikko_Mall/Mall/Lightmap-0_comp_dir.png
  artifactKey: Guid(1fa8b281506de564b8a2bc6e9a641349) Importer(815301076,1909f56bfc062723c751e8b465ee728b)
Start importing Assets/Nimikko_Mall/Mall/Lightmap-0_comp_dir.png using Guid(1fa8b281506de564b8a2bc6e9a641349) Importer(815301076,1909f56bfc062723c751e8b465ee728b) [PhysX] Initialized MultithreadedTaskDispatcher with 24 workers.
[PhysX] Initialized MultithreadedTaskDispatcher with 24 workers.
 -> (artifact id: 'df5a7affbe4303e1be012fd96a16c0fc') in 0.014481 seconds
Number of updated asset objects reloaded before import = 0
Number of asset objects unloaded after import = 2
========================================================================
Received Import Request.
  Time since last request: 0.000084 seconds.
  path: Assets/Nimikko_Mall/Mall/Lightmap-15_comp_shadowmask.png
  artifactKey: Guid(461487ec9c0240546a702ce31b5ab6c1) Importer(815301076,1909f56bfc062723c751e8b465ee728b)
Start importing Assets/Nimikko_Mall/Mall/Lightmap-15_comp_shadowmask.png using Guid(461487ec9c0240546a702ce31b5ab6c1) Importer(815301076,1909f56bfc062723c751e8b465ee728b) [PhysX] Initialized MultithreadedTaskDispatcher with 24 workers.
[PhysX] Initialized MultithreadedTaskDispatcher with 24 workers.
 -> (artifact id: '8e4b30d1cb92d37a2261e113762a2451') in 0.012454 seconds
Number of updated asset objects reloaded before import = 0
Number of asset objects unloaded after import = 2
========================================================================
Received Import Request.
  Time since last request: 0.000066 seconds.
  path: Assets/Nimikko_Mall/Mall/Lightmap-14_comp_dir.png
  artifactKey: Guid(f4f9f9b686014b4428cee1c5b1b6fcfc) Importer(815301076,1909f56bfc062723c751e8b465ee728b)
Start importing Assets/Nimikko_Mall/Mall/Lightmap-14_comp_dir.png using Guid(f4f9f9b686014b4428cee1c5b1b6fcfc) Importer(815301076,1909f56bfc062723c751e8b465ee728b) [PhysX] Initialized MultithreadedTaskDispatcher with 24 workers.
[PhysX] Initialized MultithreadedTaskDispatcher with 24 workers.
 -> (artifact id: 'd3c8f0cb5353cf02a96b3b97afaa2b64') in 0.013695 seconds
Number of updated asset objects reloaded before import = 0
Number of asset objects unloaded after import = 2
========================================================================
Received Import Request.
  Time since last request: 0.000024 seconds.
  path: Assets/Nimikko_Mall/Mall/Lightmap-15_comp_dir.png
  artifactKey: Guid(ccd00e1b39c91434b952039f9e592cef) Importer(815301076,1909f56bfc062723c751e8b465ee728b)
Start importing Assets/Nimikko_Mall/Mall/Lightmap-15_comp_dir.png using Guid(ccd00e1b39c91434b952039f9e592cef) Importer(815301076,1909f56bfc062723c751e8b465ee728b) [PhysX] Initialized MultithreadedTaskDispatcher with 24 workers.
[PhysX] Initialized MultithreadedTaskDispatcher with 24 workers.
 -> (artifact id: 'ee62f90988f744d13af441ce70d30bbb') in 0.012240 seconds
Number of updated asset objects reloaded before import = 0
Number of asset objects unloaded after import = 2
========================================================================
Received Import Request.
  Time since last request: 0.000016 seconds.
  path: Assets/Nimikko_Mall/Mall/Lightmap-4_comp_dir.png
  artifactKey: Guid(dadb595eb4b586a45a359e2f8daf5910) Importer(815301076,1909f56bfc062723c751e8b465ee728b)
Start importing Assets/Nimikko_Mall/Mall/Lightmap-4_comp_dir.png using Guid(dadb595eb4b586a45a359e2f8daf5910) Importer(815301076,1909f56bfc062723c751e8b465ee728b) [PhysX] Initialized MultithreadedTaskDispatcher with 24 workers.
[PhysX] Initialized MultithreadedTaskDispatcher with 24 workers.
 -> (artifact id: 'a34c868c4d382aa72cca4d610864bf5b') in 0.012207 seconds
Number of updated asset objects reloaded before import = 0
Number of asset objects unloaded after import = 2
========================================================================
Received Import Request.
  Time since last request: 0.000018 seconds.
  path: Assets/Nimikko_Mall/Mall/Lightmap-6_comp_light.exr
  artifactKey: Guid(688ab154013bf8748b700a85110e9133) Importer(815301076,1909f56bfc062723c751e8b465ee728b)
Start importing Assets/Nimikko_Mall/Mall/Lightmap-6_comp_light.exr using Guid(688ab154013bf8748b700a85110e9133) Importer(815301076,1909f56bfc062723c751e8b465ee728b) [PhysX] Initialized MultithreadedTaskDispatcher with 24 workers.
[PhysX] Initialized MultithreadedTaskDispatcher with 24 workers.
 -> (artifact id: 'f0efabc3f38abdb61f48f7369ca03a43') in 0.017905 seconds
Number of updated asset objects reloaded before import = 0
Number of asset objects unloaded after import = 2
========================================================================
Received Import Request.
  Time since last request: 0.000027 seconds.
  path: Assets/Nimikko_Mall/Mall/Lightmap-4_comp_shadowmask.png
  artifactKey: Guid(e9f92defb3b21e143b4b5f904d835acd) Importer(815301076,1909f56bfc062723c751e8b465ee728b)
Start importing Assets/Nimikko_Mall/Mall/Lightmap-4_comp_shadowmask.png using Guid(e9f92defb3b21e143b4b5f904d835acd) Importer(815301076,1909f56bfc062723c751e8b465ee728b) [PhysX] Initialized MultithreadedTaskDispatcher with 24 workers.
[PhysX] Initialized MultithreadedTaskDispatcher with 24 workers.
 -> (artifact id: '605f034d17939f916e08a79ffda20b33') in 0.012477 seconds
Number of updated asset objects reloaded before import = 0
Number of asset objects unloaded after import = 2
========================================================================
Received Import Request.
  Time since last request: 0.000012 seconds.
  path: Assets/Nimikko_Mall/Mall/Lightmap-5_comp_light.exr
  artifactKey: Guid(dca6411165bc6724cb54e1c22fd38697) Importer(815301076,1909f56bfc062723c751e8b465ee728b)
Start importing Assets/Nimikko_Mall/Mall/Lightmap-5_comp_light.exr using Guid(dca6411165bc6724cb54e1c22fd38697) Importer(815301076,1909f56bfc062723c751e8b465ee728b) [PhysX] Initialized MultithreadedTaskDispatcher with 24 workers.
[PhysX] Initialized MultithreadedTaskDispatcher with 24 workers.
 -> (artifact id: '37147f1e2d771a9a549b576deca09085') in 0.015715 seconds
Number of updated asset objects reloaded before import = 0
Number of asset objects unloaded after import = 2
========================================================================
Received Import Request.
  Time since last request: 421.859871 seconds.
  path: Assets
  artifactKey: Guid(00000000000000001000000000000000) Importer(815301076,1909f56bfc062723c751e8b465ee728b)
Start importing Assets using Guid(00000000000000001000000000000000) Importer(815301076,1909f56bfc062723c751e8b465ee728b) [PhysX] Initialized MultithreadedTaskDispatcher with 24 workers.
 -> (artifact id: 'ae5280ad91af67e2a353905758f96678') in 0.000520 seconds
Number of updated asset objects reloaded before import = 0
Number of asset objects unloaded after import = 0
========================================================================
Received Import Request.
  Time since last request: 7.820570 seconds.
  path: Assets/invert.cs
  artifactKey: Guid(b346ce1a030e7d947838bb086ffa6401) Importer(815301076,1909f56bfc062723c751e8b465ee728b)
Start importing Assets/invert.cs using Guid(b346ce1a030e7d947838bb086ffa6401) Importer(815301076,1909f56bfc062723c751e8b465ee728b) [PhysX] Initialized MultithreadedTaskDispatcher with 24 workers.
 -> (artifact id: '121def85dd60fc48a96f5143e97a4da7') in 0.000371 seconds
Number of updated asset objects reloaded before import = 0
Number of asset objects unloaded after import = 0
========================================================================
Received Prepare
Caller must complete domain reload
Begin MonoManager ReloadAssembly
- Loaded All Assemblies, in  0.304 seconds
Native extension for WindowsStandalone target not found
Native extension for Android target not found
Mono: successfully reloaded assembly
[Package Manager] Server::EnsureServerProcessIsRunning -- launch failed, reason: Unity was launched with the -noUpm command-line argument
[Package Manager] UpmClient::Send -- Unable to send message (not connected to UPM process).
[Package Manager] Cannot connect to Unity Package Manager local server
- Finished resetting the current domain, in  0.693 seconds
Domain Reload Profiling: 993ms
	BeginReloadAssembly (102ms)
		ExecutionOrderSort (0ms)
		DisableScriptedObjects (2ms)
		BackupInstance (0ms)
		ReleaseScriptingObjects (0ms)
		CreateAndSetChildDomain (29ms)
	RebuildCommonClasses (18ms)
	RebuildNativeTypeToScriptingClass (5ms)
	initialDomainReloadingComplete (19ms)
	LoadAllAssembliesAndSetupDomain (155ms)
		LoadAssemblies (179ms)
		RebuildTransferFunctionScriptingTraits (0ms)
		AnalyzeDomain (22ms)
			TypeCache.Refresh (5ms)
				TypeCache.ScanAssembly (0ms)
			ScanForSourceGeneratedMonoScriptInfo (11ms)
			ResolveRequiredComponents (4ms)
	FinalizeReload (693ms)
		ReleaseScriptCaches (0ms)
		RebuildScriptCaches (0ms)
		SetupLoadedEditorAssemblies (307ms)
			LogAssemblyErrors (0ms)
			InitializePlatformSupportModulesInManaged (13ms)
			SetLoadedEditorAssemblies (3ms)
			RefreshPlugins (0ms)
			BeforeProcessingInitializeOnLoad (47ms)
			ProcessInitializeOnLoadAttributes (202ms)
			ProcessInitializeOnLoadMethodAttributes (36ms)
			AfterProcessingInitializeOnLoad (6ms)
			EditorAssembliesLoaded (0ms)
		ExecutionOrderSort2 (0ms)
		AwakeInstancesAfterBackupRestoration (5ms)
Refreshing native plugins compatible for Editor in 10.43 ms, found 10 plugins.
Preloading 0 native plugins for Editor in 0.00 ms.
Unloading 4960 Unused Serialized files (Serialized files now loaded: 0)
Unloading 68 unused Assets / (57.0 KB). Loaded Objects now: 5502.
Memory consumption went from 164.5 MB to 164.4 MB.
Total: 2.738000 ms (FindLiveObjects: 0.304300 ms CreateObjectMapping: 0.200300 ms MarkObjects: 2.157900 ms  DeleteObjects: 0.074800 ms)

Prepare: number of updated asset objects reloaded= 0
AssetImportParameters requested are different than current active one (requested -> active):
  custom:container-demuxer-ogg: 62fdf1f143b41e24485cea50d1cbac27 -> 
  custom:video-codec-MediaFoundation-h265: 746d11721c4dcdbdad8f713fa42b33f4 -> 
  custom:video-decoder-ogg-theora: a1e56fd34408186e4bbccfd4996cb3dc -> 
  custom:framework-win-MediaFoundation: 216162199b28c13a410421893ffa2e32 -> 
  custom:CustomObjectIndexerAttribute: 9a22284fe3817be447336de3de66b15e -> 
  custom:scripting/monoscript/fileName/invert.cs: 412c5635a0c83ae30fddbd9d93d09a15 -> 
  custom:container-demuxer-webm: 4f35f7cbe854078d1ac9338744f61a02 -> 
  custom:container-muxer-webm: aa71ff27fc2769a1b78a27578f13a17b -> 
  custom:video-decoder-webm-vp8: 9c59270c3fd7afecdb556c50c9e8de78 -> 
  custom:SearchIndexIgnoredProperties: e643bd26f0fe6173181afceb89e7c659 -> 
  custom:AudioImporter_EditorPlatform: d09bf68614088b80899f8185d706f6e7 -> 
  custom:video-encoder-webm-vp8: eb34c28f22e8b96e1ab97ce403110664 -> 
  custom:audio-decoder-ogg-vorbis: bf7c407c2cedff20999df2af8eb42d56 -> 
  custom:audio-encoder-webm-vorbis: bf7c407c2cedff20999df2af8eb42d56 -> 
  custom:scripting/precompiled-assembly-types:Assembly-CSharp: 7651d9046fbcfafdc983468435082e59 -> fc915b8c64163b6761e5351aa2c02497
========================================================================
Received Import Request.
  Time since last request: 4.783055 seconds.
  path: Assets/invert.cs
  artifactKey: Guid(b346ce1a030e7d947838bb086ffa6401) Importer(815301076,1909f56bfc062723c751e8b465ee728b)
Start importing Assets/invert.cs using Guid(b346ce1a030e7d947838bb086ffa6401) Importer(815301076,1909f56bfc062723c751e8b465ee728b) [PhysX] Initialized MultithreadedTaskDispatcher with 24 workers.
 -> (artifact id: '5c6517e161989f920e7ede069472e19e') in 0.001543 seconds
Number of updated asset objects reloaded before import = 0
Number of asset objects unloaded after import = 0
========================================================================
Received Prepare
Caller must complete domain reload
Begin MonoManager ReloadAssembly
- Loaded All Assemblies, in  0.305 seconds
Native extension for WindowsStandalone target not found
Native extension for Android target not found
Mono: successfully reloaded assembly
[Package Manager] Server::EnsureServerProcessIsRunning -- launch failed, reason: Unity was launched with the -noUpm command-line argument
[Package Manager] UpmClient::Send -- Unable to send message (not connected to UPM process).
[Package Manager] Cannot connect to Unity Package Manager local server
- Finished resetting the current domain, in  0.773 seconds
Domain Reload Profiling: 1075ms
	BeginReloadAssembly (96ms)
		ExecutionOrderSort (0ms)
		DisableScriptedObjects (3ms)
		BackupInstance (0ms)
		ReleaseScriptingObjects (0ms)
		CreateAndSetChildDomain (23ms)
	RebuildCommonClasses (18ms)
	RebuildNativeTypeToScriptingClass (5ms)
	initialDomainReloadingComplete (19ms)
	LoadAllAssembliesAndSetupDomain (163ms)
		LoadAssemblies (182ms)
		RebuildTransferFunctionScriptingTraits (0ms)
		AnalyzeDomain (26ms)
			TypeCache.Refresh (6ms)
				TypeCache.ScanAssembly (1ms)
			ScanForSourceGeneratedMonoScriptInfo (14ms)
			ResolveRequiredComponents (4ms)
	FinalizeReload (773ms)
		ReleaseScriptCaches (0ms)
		RebuildScriptCaches (0ms)
		SetupLoadedEditorAssemblies (311ms)
			LogAssemblyErrors (0ms)
			InitializePlatformSupportModulesInManaged (14ms)
			SetLoadedEditorAssemblies (2ms)
			RefreshPlugins (0ms)
			BeforeProcessingInitializeOnLoad (51ms)
			ProcessInitializeOnLoadAttributes (207ms)
			ProcessInitializeOnLoadMethodAttributes (33ms)
			AfterProcessingInitializeOnLoad (5ms)
			EditorAssembliesLoaded (0ms)
		ExecutionOrderSort2 (0ms)
		AwakeInstancesAfterBackupRestoration (5ms)
Refreshing native plugins compatible for Editor in 9.44 ms, found 10 plugins.
Preloading 0 native plugins for Editor in 0.00 ms.
Unloading 4960 Unused Serialized files (Serialized files now loaded: 0)
Unloading 68 unused Assets / (56.9 KB). Loaded Objects now: 5506.
Memory consumption went from 164.5 MB to 164.4 MB.
Total: 2.336500 ms (FindLiveObjects: 0.262000 ms CreateObjectMapping: 0.060900 ms MarkObjects: 1.944900 ms  DeleteObjects: 0.068000 ms)

Prepare: number of updated asset objects reloaded= 0
AssetImportParameters requested are different than current active one (requested -> active):
  custom:container-demuxer-ogg: 62fdf1f143b41e24485cea50d1cbac27 -> 
  custom:video-codec-MediaFoundation-h265: 746d11721c4dcdbdad8f713fa42b33f4 -> 
  custom:video-decoder-ogg-theora: a1e56fd34408186e4bbccfd4996cb3dc -> 
  custom:framework-win-MediaFoundation: 216162199b28c13a410421893ffa2e32 -> 
  custom:CustomObjectIndexerAttribute: 9a22284fe3817be447336de3de66b15e -> 
  custom:scripting/monoscript/fileName/invert.cs: ce4111a0caaf110da1ebfd21f1c57b75 -> 
  custom:container-demuxer-webm: 4f35f7cbe854078d1ac9338744f61a02 -> 
  custom:container-muxer-webm: aa71ff27fc2769a1b78a27578f13a17b -> 
  custom:video-decoder-webm-vp8: 9c59270c3fd7afecdb556c50c9e8de78 -> 
  custom:SearchIndexIgnoredProperties: e643bd26f0fe6173181afceb89e7c659 -> 
  custom:AudioImporter_EditorPlatform: d09bf68614088b80899f8185d706f6e7 -> 
  custom:video-encoder-webm-vp8: eb34c28f22e8b96e1ab97ce403110664 -> 
  custom:audio-decoder-ogg-vorbis: bf7c407c2cedff20999df2af8eb42d56 -> 
  custom:audio-encoder-webm-vorbis: bf7c407c2cedff20999df2af8eb42d56 -> 
  custom:scripting/precompiled-assembly-types:Assembly-CSharp: c80d766fde6299d9de7778b0f756fd66 -> fc915b8c64163b6761e5351aa2c02497
========================================================================
Received Import Request.
  Time since last request: 72.077532 seconds.
  path: Assets/invert.cs
  artifactKey: Guid(b346ce1a030e7d947838bb086ffa6401) Importer(815301076,1909f56bfc062723c751e8b465ee728b)
Start importing Assets/invert.cs using Guid(b346ce1a030e7d947838bb086ffa6401) Importer(815301076,1909f56bfc062723c751e8b465ee728b) [PhysX] Initialized MultithreadedTaskDispatcher with 24 workers.
 -> (artifact id: '944a58b3a68f6f2b63d64f6aba736b0c') in 0.001309 seconds
Number of updated asset objects reloaded before import = 0
Number of asset objects unloaded after import = 0
========================================================================
Received Prepare
Caller must complete domain reload
Begin MonoManager ReloadAssembly
- Loaded All Assemblies, in  0.264 seconds
Native extension for WindowsStandalone target not found
Native extension for Android target not found
Mono: successfully reloaded assembly
[Package Manager] Server::EnsureServerProcessIsRunning -- launch failed, reason: Unity was launched with the -noUpm command-line argument
[Package Manager] UpmClient::Send -- Unable to send message (not connected to UPM process).
[Package Manager] Cannot connect to Unity Package Manager local server
- Finished resetting the current domain, in  0.627 seconds
Domain Reload Profiling: 888ms
	BeginReloadAssembly (90ms)
		ExecutionOrderSort (0ms)
		DisableScriptedObjects (2ms)
		BackupInstance (0ms)
		ReleaseScriptingObjects (0ms)
		CreateAndSetChildDomain (22ms)
	RebuildCommonClasses (17ms)
	RebuildNativeTypeToScriptingClass (5ms)
	initialDomainReloadingComplete (17ms)
	LoadAllAssembliesAndSetupDomain (132ms)
		LoadAssemblies (164ms)
		RebuildTransferFunctionScriptingTraits (0ms)
		AnalyzeDomain (9ms)
			TypeCache.Refresh (3ms)
				TypeCache.ScanAssembly (0ms)
			ScanForSourceGeneratedMonoScriptInfo (0ms)
			ResolveRequiredComponents (4ms)
	FinalizeReload (627ms)
		ReleaseScriptCaches (0ms)
		RebuildScriptCaches (0ms)
		SetupLoadedEditorAssemblies (256ms)
			LogAssemblyErrors (0ms)
			InitializePlatformSupportModulesInManaged (10ms)
			SetLoadedEditorAssemblies (2ms)
			RefreshPlugins (0ms)
			BeforeProcessingInitializeOnLoad (40ms)
			ProcessInitializeOnLoadAttributes (169ms)
			ProcessInitializeOnLoadMethodAttributes (31ms)
			AfterProcessingInitializeOnLoad (4ms)
			EditorAssembliesLoaded (0ms)
		ExecutionOrderSort2 (0ms)
		AwakeInstancesAfterBackupRestoration (5ms)
Refreshing native plugins compatible for Editor in 7.83 ms, found 10 plugins.
Preloading 0 native plugins for Editor in 0.00 ms.
Unloading 4960 Unused Serialized files (Serialized files now loaded: 0)
Unloading 68 unused Assets / (56.9 KB). Loaded Objects now: 5510.
Memory consumption went from 164.5 MB to 164.4 MB.
Total: 2.231600 ms (FindLiveObjects: 0.281900 ms CreateObjectMapping: 0.053000 ms MarkObjects: 1.827500 ms  DeleteObjects: 0.068100 ms)

Prepare: number of updated asset objects reloaded= 0
AssetImportParameters requested are different than current active one (requested -> active):
  custom:container-demuxer-ogg: 62fdf1f143b41e24485cea50d1cbac27 -> 
  custom:video-codec-MediaFoundation-h265: 746d11721c4dcdbdad8f713fa42b33f4 -> 
  custom:video-decoder-ogg-theora: a1e56fd34408186e4bbccfd4996cb3dc -> 
  custom:framework-win-MediaFoundation: 216162199b28c13a410421893ffa2e32 -> 
  custom:CustomObjectIndexerAttribute: 9a22284fe3817be447336de3de66b15e -> 
  custom:scripting/monoscript/fileName/invert.cs: ce4111a0caaf110da1ebfd21f1c57b75 -> 
  custom:container-demuxer-webm: 4f35f7cbe854078d1ac9338744f61a02 -> 
  custom:container-muxer-webm: aa71ff27fc2769a1b78a27578f13a17b -> 
  custom:video-decoder-webm-vp8: 9c59270c3fd7afecdb556c50c9e8de78 -> 
  custom:SearchIndexIgnoredProperties: e643bd26f0fe6173181afceb89e7c659 -> 
  custom:AudioImporter_EditorPlatform: d09bf68614088b80899f8185d706f6e7 -> 
  custom:video-encoder-webm-vp8: eb34c28f22e8b96e1ab97ce403110664 -> 
  custom:audio-decoder-ogg-vorbis: bf7c407c2cedff20999df2af8eb42d56 -> 
  custom:audio-encoder-webm-vorbis: bf7c407c2cedff20999df2af8eb42d56 -> 
  custom:scripting/precompiled-assembly-types:Assembly-CSharp: c80d766fde6299d9de7778b0f756fd66 -> fc915b8c64163b6761e5351aa2c02497
========================================================================
Received Import Request.
  Time since last request: 6.250820 seconds.
  path: Assets/InvertedMesh.asset
  artifactKey: Guid(aded3d4000e251f40ae4190759706615) Importer(815301076,1909f56bfc062723c751e8b465ee728b)
Start importing Assets/InvertedMesh.asset using Guid(aded3d4000e251f40ae4190759706615) Importer(815301076,1909f56bfc062723c751e8b465ee728b) [PhysX] Initialized MultithreadedTaskDispatcher with 24 workers.
[PhysX] Initialized MultithreadedTaskDispatcher with 24 workers.
 -> (artifact id: '73e16f117a17f7b264901e998959d2b9') in 0.039550 seconds
Number of updated asset objects reloaded before import = 0
Number of asset objects unloaded after import = 2
========================================================================
Received Import Request.
  Time since last request: 44.017858 seconds.
  path: Assets/Free Skyboxes - Space
  artifactKey: Guid(ff5f9331be9f0f24299b058520fa2e4c) Importer(815301076,1909f56bfc062723c751e8b465ee728b)
Start importing Assets/Free Skyboxes - Space using Guid(ff5f9331be9f0f24299b058520fa2e4c) Importer(815301076,1909f56bfc062723c751e8b465ee728b) [PhysX] Initialized MultithreadedTaskDispatcher with 24 workers.
 -> (artifact id: '0e5479304630938f3ad5cd2bcc482130') in 0.000557 seconds
Number of updated asset objects reloaded before import = 0
Number of asset objects unloaded after import = 0
========================================================================
Received Import Request.
  Time since last request: 4.271869 seconds.
  path: Assets/Free Skyboxes - Space/SBS Space 5
  artifactKey: Guid(05a8ce8b3a6c14949ad93591d98d9a52) Importer(815301076,1909f56bfc062723c751e8b465ee728b)
Start importing Assets/Free Skyboxes - Space/SBS Space 5 using Guid(05a8ce8b3a6c14949ad93591d98d9a52) Importer(815301076,1909f56bfc062723c751e8b465ee728b) [PhysX] Initialized MultithreadedTaskDispatcher with 24 workers.
 -> (artifact id: '88112d79bcd8bd3e9bb324d4e18e480f') in 0.000448 seconds
Number of updated asset objects reloaded before import = 0
Number of asset objects unloaded after import = 0
========================================================================
Received Import Request.
  Time since last request: 1.014357 seconds.
  path: Assets/Free Skyboxes - Space/SBS Space 4
  artifactKey: Guid(11fb10f06da679946a9bfeb142aecd90) Importer(815301076,1909f56bfc062723c751e8b465ee728b)
Start importing Assets/Free Skyboxes - Space/SBS Space 4 using Guid(11fb10f06da679946a9bfeb142aecd90) Importer(815301076,1909f56bfc062723c751e8b465ee728b) [PhysX] Initialized MultithreadedTaskDispatcher with 24 workers.
 -> (artifact id: 'd3ce66279ce38186eb5be3bb13fb54f0') in 0.000507 seconds
Number of updated asset objects reloaded before import = 0
Number of asset objects unloaded after import = 0
========================================================================
Received Import Request.
  Time since last request: 0.611233 seconds.
  path: Assets/Free Skyboxes - Space/SBS Space 3
  artifactKey: Guid(fa42a53ca2b251342b6e3ba2a7b51f4b) Importer(815301076,1909f56bfc062723c751e8b465ee728b)
Start importing Assets/Free Skyboxes - Space/SBS Space 3 using Guid(fa42a53ca2b251342b6e3ba2a7b51f4b) Importer(815301076,1909f56bfc062723c751e8b465ee728b) [PhysX] Initialized MultithreadedTaskDispatcher with 24 workers.
 -> (artifact id: 'bcaf4b291f1cd502c0f72fe8af5e7548') in 0.000432 seconds
Number of updated asset objects reloaded before import = 0
Number of asset objects unloaded after import = 0
========================================================================
Received Import Request.
  Time since last request: 0.685150 seconds.
  path: Assets/Free Skyboxes - Space/SBS Space 2
  artifactKey: Guid(e9aa9ae88b69cba45ac432c276322238) Importer(815301076,1909f56bfc062723c751e8b465ee728b)
Start importing Assets/Free Skyboxes - Space/SBS Space 2 using Guid(e9aa9ae88b69cba45ac432c276322238) Importer(815301076,1909f56bfc062723c751e8b465ee728b) [PhysX] Initialized MultithreadedTaskDispatcher with 24 workers.
 -> (artifact id: '716ffe973b987b2ce880f6d7e0676f2c') in 0.000690 seconds
Number of updated asset objects reloaded before import = 0
Number of asset objects unloaded after import = 0
========================================================================
Received Import Request.
  Time since last request: 0.530987 seconds.
  path: Assets/Free Skyboxes - Space/SBS Space 1
  artifactKey: Guid(1af85022482ca5b4289d4b39c850aa26) Importer(815301076,1909f56bfc062723c751e8b465ee728b)
Start importing Assets/Free Skyboxes - Space/SBS Space 1 using Guid(1af85022482ca5b4289d4b39c850aa26) Importer(815301076,1909f56bfc062723c751e8b465ee728b) [PhysX] Initialized MultithreadedTaskDispatcher with 24 workers.
 -> (artifact id: '967554b8bdccac6d8c5500d82834bf0a') in 0.002086 seconds
Number of updated asset objects reloaded before import = 0
Number of asset objects unloaded after import = 0
========================================================================
Received Import Request.
  Time since last request: 0.356959 seconds.
  path: Assets/Free Skyboxes - Space/SBS Space 1/SBS Space 1.asset
  artifactKey: Guid(7543a125dc85ebd4d9c70ab77162e656) Importer(815301076,1909f56bfc062723c751e8b465ee728b)
Start importing Assets/Free Skyboxes - Space/SBS Space 1/SBS Space 1.asset using Guid(7543a125dc85ebd4d9c70ab77162e656) Importer(815301076,1909f56bfc062723c751e8b465ee728b) [PhysX] Initialized MultithreadedTaskDispatcher with 24 workers.
 -> (artifact id: '44a99f8238680fce5d7579baece9fcb5') in 0.001336 seconds
Number of updated asset objects reloaded before import = 0
Number of asset objects unloaded after import = 1
========================================================================
Received Import Request.
  Time since last request: 0.237651 seconds.
  path: Assets/Free Skyboxes - Space/SBS Space 1/Medium
  artifactKey: Guid(cc2a2ce691c67f74e9139e24870d554e) Importer(815301076,1909f56bfc062723c751e8b465ee728b)
Start importing Assets/Free Skyboxes - Space/SBS Space 1/Medium using Guid(cc2a2ce691c67f74e9139e24870d554e) Importer(815301076,1909f56bfc062723c751e8b465ee728b) [PhysX] Initialized MultithreadedTaskDispatcher with 24 workers.
 -> (artifact id: 'b56c17cfc2016365a98f14326c57c153') in 0.002051 seconds
Number of updated asset objects reloaded before import = 0
Number of asset objects unloaded after import = 0
========================================================================
Received Import Request.
  Time since last request: 2.006505 seconds.
  path: Assets/Free Skyboxes - Space/SBS Space 1/Small
  artifactKey: Guid(841bca22161158a43a436c2cc1180961) Importer(815301076,1909f56bfc062723c751e8b465ee728b)
Start importing Assets/Free Skyboxes - Space/SBS Space 1/Small using Guid(841bca22161158a43a436c2cc1180961) Importer(815301076,1909f56bfc062723c751e8b465ee728b) [PhysX] Initialized MultithreadedTaskDispatcher with 24 workers.
 -> (artifact id: '06178d2049db57c7582379b3607e9262') in 0.000436 seconds
Number of updated asset objects reloaded before import = 0
Number of asset objects unloaded after import = 0
========================================================================
Received Import Request.
  Time since last request: 0.079729 seconds.
  path: Assets/Free Skyboxes - Space/SBS Space 1/Small/Skybox_Space 1 Small.mat
  artifactKey: Guid(a4ed21be487740a418a654407aaaf103) Importer(815301076,1909f56bfc062723c751e8b465ee728b)
Start importing Assets/Free Skyboxes - Space/SBS Space 1/Small/Skybox_Space 1 Small.mat using Guid(a4ed21be487740a418a654407aaaf103) Importer(815301076,1909f56bfc062723c751e8b465ee728b) [PhysX] Initialized MultithreadedTaskDispatcher with 24 workers.
[PhysX] Initialized MultithreadedTaskDispatcher with 24 workers.
 -> (artifact id: 'bae7d02fb1f218fa81917106eb9d94d9') in 0.044918 seconds
Number of updated asset objects reloaded before import = 0
Number of asset objects unloaded after import = 7
========================================================================
Received Import Request.
  Time since last request: 0.928561 seconds.
  path: Assets/Free Skyboxes - Space/SBS Space 1/Small/Textures/Front_Space 1 Small.png
  artifactKey: Guid(f01e42fe8d4cd5241a2f6892ad83a782) Importer(815301076,1909f56bfc062723c751e8b465ee728b)
Start importing Assets/Free Skyboxes - Space/SBS Space 1/Small/Textures/Front_Space 1 Small.png using Guid(f01e42fe8d4cd5241a2f6892ad83a782) Importer(815301076,1909f56bfc062723c751e8b465ee728b) [PhysX] Initialized MultithreadedTaskDispatcher with 24 workers.
[PhysX] Initialized MultithreadedTaskDispatcher with 24 workers.
 -> (artifact id: 'f829e01192e3bb60a7350e80d1997d77') in 0.015964 seconds
Number of updated asset objects reloaded before import = 0
Number of asset objects unloaded after import = 2
========================================================================
Received Prepare
Caller must complete domain reload
Begin MonoManager ReloadAssembly
- Loaded All Assemblies, in  0.265 seconds
Native extension for WindowsStandalone target not found
Native extension for Android target not found
Mono: successfully reloaded assembly
[Package Manager] Server::EnsureServerProcessIsRunning -- launch failed, reason: Unity was launched with the -noUpm command-line argument
[Package Manager] UpmClient::Send -- Unable to send message (not connected to UPM process).
[Package Manager] Cannot connect to Unity Package Manager local server
- Finished resetting the current domain, in  0.645 seconds
Domain Reload Profiling: 908ms
	BeginReloadAssembly (89ms)
		ExecutionOrderSort (0ms)
		DisableScriptedObjects (2ms)
		BackupInstance (0ms)
		ReleaseScriptingObjects (0ms)
		CreateAndSetChildDomain (23ms)
	RebuildCommonClasses (17ms)
	RebuildNativeTypeToScriptingClass (5ms)
	initialDomainReloadingComplete (18ms)
	LoadAllAssembliesAndSetupDomain (134ms)
		LoadAssemblies (164ms)
		RebuildTransferFunctionScriptingTraits (0ms)
		AnalyzeDomain (9ms)
			TypeCache.Refresh (4ms)
				TypeCache.ScanAssembly (0ms)
			ScanForSourceGeneratedMonoScriptInfo (0ms)
			ResolveRequiredComponents (4ms)
	FinalizeReload (646ms)
		ReleaseScriptCaches (0ms)
		RebuildScriptCaches (0ms)
		SetupLoadedEditorAssemblies (269ms)
			LogAssemblyErrors (0ms)
			InitializePlatformSupportModulesInManaged (10ms)
			SetLoadedEditorAssemblies (2ms)
			RefreshPlugins (0ms)
			BeforeProcessingInitializeOnLoad (42ms)
			ProcessInitializeOnLoadAttributes (172ms)
			ProcessInitializeOnLoadMethodAttributes (37ms)
			AfterProcessingInitializeOnLoad (6ms)
			EditorAssembliesLoaded (0ms)
		ExecutionOrderSort2 (0ms)
		AwakeInstancesAfterBackupRestoration (7ms)
Refreshing native plugins compatible for Editor in 13.10 ms, found 10 plugins.
Preloading 0 native plugins for Editor in 0.00 ms.
Unloading 4960 Unused Serialized files (Serialized files now loaded: 0)
Unloading 68 unused Assets / (57.0 KB). Loaded Objects now: 5514.
Memory consumption went from 164.5 MB to 164.5 MB.
Total: 2.759700 ms (FindLiveObjects: 0.317700 ms CreateObjectMapping: 0.080000 ms MarkObjects: 2.288000 ms  DeleteObjects: 0.073300 ms)

Prepare: number of updated asset objects reloaded= 0
AssetImportParameters requested are different than current active one (requested -> active):
  custom:container-demuxer-ogg: 62fdf1f143b41e24485cea50d1cbac27 -> 
  custom:video-codec-MediaFoundation-h265: 746d11721c4dcdbdad8f713fa42b33f4 -> 
  custom:video-decoder-ogg-theora: a1e56fd34408186e4bbccfd4996cb3dc -> 
  custom:framework-win-MediaFoundation: 216162199b28c13a410421893ffa2e32 -> 
  custom:CustomObjectIndexerAttribute: 9a22284fe3817be447336de3de66b15e -> 
  custom:scripting/monoscript/fileName/invert.cs: ce4111a0caaf110da1ebfd21f1c57b75 -> 
  custom:container-demuxer-webm: 4f35f7cbe854078d1ac9338744f61a02 -> 
  custom:container-muxer-webm: aa71ff27fc2769a1b78a27578f13a17b -> 
  custom:video-decoder-webm-vp8: 9c59270c3fd7afecdb556c50c9e8de78 -> 
  custom:SearchIndexIgnoredProperties: e643bd26f0fe6173181afceb89e7c659 -> 
  custom:AudioImporter_EditorPlatform: d09bf68614088b80899f8185d706f6e7 -> 
  custom:video-encoder-webm-vp8: eb34c28f22e8b96e1ab97ce403110664 -> 
  custom:audio-decoder-ogg-vorbis: bf7c407c2cedff20999df2af8eb42d56 -> 
  custom:audio-encoder-webm-vorbis: bf7c407c2cedff20999df2af8eb42d56 -> 
  custom:scripting/precompiled-assembly-types:Assembly-CSharp: c80d766fde6299d9de7778b0f756fd66 -> fc915b8c64163b6761e5351aa2c02497
========================================================================
Received Prepare
Caller must complete domain reload
Begin MonoManager ReloadAssembly
- Loaded All Assemblies, in  0.273 seconds
Native extension for WindowsStandalone target not found
Native extension for Android target not found
Mono: successfully reloaded assembly
[Package Manager] Server::EnsureServerProcessIsRunning -- launch failed, reason: Unity was launched with the -noUpm command-line argument
[Package Manager] UpmClient::Send -- Unable to send message (not connected to UPM process).
[Package Manager] Cannot connect to Unity Package Manager local server
- Finished resetting the current domain, in  0.644 seconds
Domain Reload Profiling: 915ms
	BeginReloadAssembly (92ms)
		ExecutionOrderSort (0ms)
		DisableScriptedObjects (2ms)
		BackupInstance (0ms)
		ReleaseScriptingObjects (0ms)
		CreateAndSetChildDomain (22ms)
	RebuildCommonClasses (17ms)
	RebuildNativeTypeToScriptingClass (5ms)
	initialDomainReloadingComplete (17ms)
	LoadAllAssembliesAndSetupDomain (139ms)
		LoadAssemblies (173ms)
		RebuildTransferFunctionScriptingTraits (0ms)
		AnalyzeDomain (10ms)
			TypeCache.Refresh (4ms)
				TypeCache.ScanAssembly (0ms)
			ScanForSourceGeneratedMonoScriptInfo (0ms)
			ResolveRequiredComponents (4ms)
	FinalizeReload (644ms)
		ReleaseScriptCaches (0ms)
		RebuildScriptCaches (0ms)
		SetupLoadedEditorAssemblies (273ms)
			LogAssemblyErrors (0ms)
			InitializePlatformSupportModulesInManaged (10ms)
			SetLoadedEditorAssemblies (2ms)
			RefreshPlugins (0ms)
			BeforeProcessingInitializeOnLoad (41ms)
			ProcessInitializeOnLoadAttributes (174ms)
			ProcessInitializeOnLoadMethodAttributes (39ms)
			AfterProcessingInitializeOnLoad (6ms)
			EditorAssembliesLoaded (0ms)
		ExecutionOrderSort2 (0ms)
		AwakeInstancesAfterBackupRestoration (6ms)
Refreshing native plugins compatible for Editor in 11.52 ms, found 10 plugins.
Preloading 0 native plugins for Editor in 0.00 ms.
Unloading 4960 Unused Serialized files (Serialized files now loaded: 0)
Unloading 68 unused Assets / (57.0 KB). Loaded Objects now: 5518.
Memory consumption went from 164.4 MB to 164.4 MB.
Total: 2.681700 ms (FindLiveObjects: 0.295100 ms CreateObjectMapping: 0.109600 ms MarkObjects: 2.204300 ms  DeleteObjects: 0.071400 ms)

Prepare: number of updated asset objects reloaded= 0
AssetImportParameters requested are different than current active one (requested -> active):
  custom:container-demuxer-ogg: 62fdf1f143b41e24485cea50d1cbac27 -> 
  custom:video-codec-MediaFoundation-h265: 746d11721c4dcdbdad8f713fa42b33f4 -> 
  custom:video-decoder-ogg-theora: a1e56fd34408186e4bbccfd4996cb3dc -> 
  custom:framework-win-MediaFoundation: 216162199b28c13a410421893ffa2e32 -> 
  custom:CustomObjectIndexerAttribute: 9a22284fe3817be447336de3de66b15e -> 
  custom:scripting/monoscript/fileName/invert.cs: ce4111a0caaf110da1ebfd21f1c57b75 -> 
  custom:container-demuxer-webm: 4f35f7cbe854078d1ac9338744f61a02 -> 
  custom:container-muxer-webm: aa71ff27fc2769a1b78a27578f13a17b -> 
  custom:video-decoder-webm-vp8: 9c59270c3fd7afecdb556c50c9e8de78 -> 
  custom:SearchIndexIgnoredProperties: e643bd26f0fe6173181afceb89e7c659 -> 
  custom:AudioImporter_EditorPlatform: d09bf68614088b80899f8185d706f6e7 -> 
  custom:video-encoder-webm-vp8: eb34c28f22e8b96e1ab97ce403110664 -> 
  custom:audio-decoder-ogg-vorbis: bf7c407c2cedff20999df2af8eb42d56 -> 
  custom:audio-encoder-webm-vorbis: bf7c407c2cedff20999df2af8eb42d56 -> 
  custom:scripting/precompiled-assembly-types:Assembly-CSharp: c80d766fde6299d9de7778b0f756fd66 -> fc915b8c64163b6761e5351aa2c02497
========================================================================
Received Prepare
Caller must complete domain reload
Begin MonoManager ReloadAssembly
- Loaded All Assemblies, in  0.272 seconds
Native extension for WindowsStandalone target not found
Native extension for Android target not found
Mono: successfully reloaded assembly
[Package Manager] Server::EnsureServerProcessIsRunning -- launch failed, reason: Unity was launched with the -noUpm command-line argument
[Package Manager] UpmClient::Send -- Unable to send message (not connected to UPM process).
[Package Manager] Cannot connect to Unity Package Manager local server
- Finished resetting the current domain, in  0.647 seconds
Domain Reload Profiling: 916ms
	BeginReloadAssembly (96ms)
		ExecutionOrderSort (0ms)
		DisableScriptedObjects (2ms)
		BackupInstance (0ms)
		ReleaseScriptingObjects (0ms)
		CreateAndSetChildDomain (22ms)
	RebuildCommonClasses (17ms)
	RebuildNativeTypeToScriptingClass (5ms)
	initialDomainReloadingComplete (16ms)
	LoadAllAssembliesAndSetupDomain (135ms)
		LoadAssemblies (172ms)
		RebuildTransferFunctionScriptingTraits (0ms)
		AnalyzeDomain (9ms)
			TypeCache.Refresh (4ms)
				TypeCache.ScanAssembly (0ms)
			ScanForSourceGeneratedMonoScriptInfo (0ms)
			ResolveRequiredComponents (4ms)
	FinalizeReload (647ms)
		ReleaseScriptCaches (0ms)
		RebuildScriptCaches (0ms)
		SetupLoadedEditorAssemblies (273ms)
			LogAssemblyErrors (0ms)
			InitializePlatformSupportModulesInManaged (10ms)
			SetLoadedEditorAssemblies (2ms)
			RefreshPlugins (0ms)
			BeforeProcessingInitializeOnLoad (40ms)
			ProcessInitializeOnLoadAttributes (178ms)
			ProcessInitializeOnLoadMethodAttributes (39ms)
			AfterProcessingInitializeOnLoad (5ms)
			EditorAssembliesLoaded (0ms)
		ExecutionOrderSort2 (0ms)
		AwakeInstancesAfterBackupRestoration (6ms)
Refreshing native plugins compatible for Editor in 12.53 ms, found 10 plugins.
Preloading 0 native plugins for Editor in 0.00 ms.
Unloading 4960 Unused Serialized files (Serialized files now loaded: 0)
Unloading 68 unused Assets / (57.0 KB). Loaded Objects now: 5522.
Memory consumption went from 164.4 MB to 164.4 MB.
Total: 2.489000 ms (FindLiveObjects: 0.292600 ms CreateObjectMapping: 0.064400 ms MarkObjects: 2.054300 ms  DeleteObjects: 0.076700 ms)

Prepare: number of updated asset objects reloaded= 0
AssetImportParameters requested are different than current active one (requested -> active):
  custom:container-demuxer-ogg: 62fdf1f143b41e24485cea50d1cbac27 -> 
  custom:video-codec-MediaFoundation-h265: 746d11721c4dcdbdad8f713fa42b33f4 -> 
  custom:video-decoder-ogg-theora: a1e56fd34408186e4bbccfd4996cb3dc -> 
  custom:framework-win-MediaFoundation: 216162199b28c13a410421893ffa2e32 -> 
  custom:CustomObjectIndexerAttribute: 9a22284fe3817be447336de3de66b15e -> 
  custom:scripting/monoscript/fileName/invert.cs: ce4111a0caaf110da1ebfd21f1c57b75 -> 
  custom:container-demuxer-webm: 4f35f7cbe854078d1ac9338744f61a02 -> 
  custom:container-muxer-webm: aa71ff27fc2769a1b78a27578f13a17b -> 
  custom:video-decoder-webm-vp8: 9c59270c3fd7afecdb556c50c9e8de78 -> 
  custom:SearchIndexIgnoredProperties: e643bd26f0fe6173181afceb89e7c659 -> 
  custom:AudioImporter_EditorPlatform: d09bf68614088b80899f8185d706f6e7 -> 
  custom:video-encoder-webm-vp8: eb34c28f22e8b96e1ab97ce403110664 -> 
  custom:audio-decoder-ogg-vorbis: bf7c407c2cedff20999df2af8eb42d56 -> 
  custom:audio-encoder-webm-vorbis: bf7c407c2cedff20999df2af8eb42d56 -> 
  custom:scripting/precompiled-assembly-types:Assembly-CSharp: c80d766fde6299d9de7778b0f756fd66 -> fc915b8c64163b6761e5351aa2c02497
========================================================================
Received Prepare
Caller must complete domain reload
Begin MonoManager ReloadAssembly
- Loaded All Assemblies, in  0.269 seconds
Native extension for WindowsStandalone target not found
Native extension for Android target not found
Mono: successfully reloaded assembly
[Package Manager] Server::EnsureServerProcessIsRunning -- launch failed, reason: Unity was launched with the -noUpm command-line argument
[Package Manager] UpmClient::Send -- Unable to send message (not connected to UPM process).
[Package Manager] Cannot connect to Unity Package Manager local server
- Finished resetting the current domain, in  0.658 seconds
Domain Reload Profiling: 925ms
	BeginReloadAssembly (91ms)
		ExecutionOrderSort (0ms)
		DisableScriptedObjects (2ms)
		BackupInstance (0ms)
		ReleaseScriptingObjects (0ms)
		CreateAndSetChildDomain (22ms)
	RebuildCommonClasses (17ms)
	RebuildNativeTypeToScriptingClass (5ms)
	initialDomainReloadingComplete (17ms)
	LoadAllAssembliesAndSetupDomain (136ms)
		LoadAssemblies (169ms)
		RebuildTransferFunctionScriptingTraits (0ms)
		AnalyzeDomain (9ms)
			TypeCache.Refresh (4ms)
				TypeCache.ScanAssembly (0ms)
			ScanForSourceGeneratedMonoScriptInfo (0ms)
			ResolveRequiredComponents (4ms)
	FinalizeReload (659ms)
		ReleaseScriptCaches (0ms)
		RebuildScriptCaches (0ms)
		SetupLoadedEditorAssemblies (274ms)
			LogAssemblyErrors (0ms)
			InitializePlatformSupportModulesInManaged (10ms)
			SetLoadedEditorAssemblies (2ms)
			RefreshPlugins (0ms)
			BeforeProcessingInitializeOnLoad (41ms)
			ProcessInitializeOnLoadAttributes (175ms)
			ProcessInitializeOnLoadMethodAttributes (40ms)
			AfterProcessingInitializeOnLoad (6ms)
			EditorAssembliesLoaded (0ms)
		ExecutionOrderSort2 (0ms)
		AwakeInstancesAfterBackupRestoration (7ms)
Refreshing native plugins compatible for Editor in 10.25 ms, found 10 plugins.
Preloading 0 native plugins for Editor in 0.00 ms.
Unloading 4960 Unused Serialized files (Serialized files now loaded: 0)
Unloading 68 unused Assets / (57.0 KB). Loaded Objects now: 5526.
Memory consumption went from 164.5 MB to 164.4 MB.
Total: 2.567800 ms (FindLiveObjects: 0.318400 ms CreateObjectMapping: 0.066500 ms MarkObjects: 2.112000 ms  DeleteObjects: 0.070000 ms)

Prepare: number of updated asset objects reloaded= 0
AssetImportParameters requested are different than current active one (requested -> active):
  custom:container-demuxer-ogg: 62fdf1f143b41e24485cea50d1cbac27 -> 
  custom:video-codec-MediaFoundation-h265: 746d11721c4dcdbdad8f713fa42b33f4 -> 
  custom:video-decoder-ogg-theora: a1e56fd34408186e4bbccfd4996cb3dc -> 
  custom:framework-win-MediaFoundation: 216162199b28c13a410421893ffa2e32 -> 
  custom:CustomObjectIndexerAttribute: 9a22284fe3817be447336de3de66b15e -> 
  custom:scripting/monoscript/fileName/invert.cs: ce4111a0caaf110da1ebfd21f1c57b75 -> 
  custom:container-demuxer-webm: 4f35f7cbe854078d1ac9338744f61a02 -> 
  custom:container-muxer-webm: aa71ff27fc2769a1b78a27578f13a17b -> 
  custom:video-decoder-webm-vp8: 9c59270c3fd7afecdb556c50c9e8de78 -> 
  custom:SearchIndexIgnoredProperties: e643bd26f0fe6173181afceb89e7c659 -> 
  custom:AudioImporter_EditorPlatform: d09bf68614088b80899f8185d706f6e7 -> 
  custom:video-encoder-webm-vp8: eb34c28f22e8b96e1ab97ce403110664 -> 
  custom:audio-decoder-ogg-vorbis: bf7c407c2cedff20999df2af8eb42d56 -> 
  custom:audio-encoder-webm-vorbis: bf7c407c2cedff20999df2af8eb42d56 -> 
  custom:scripting/precompiled-assembly-types:Assembly-CSharp: c80d766fde6299d9de7778b0f756fd66 -> fc915b8c64163b6761e5351aa2c02497
========================================================================
Received Import Request.
  Time since last request: 167.600497 seconds.
  path: Assets/Planets of the Solar System 3D/Materials/Skybox.mat
  artifactKey: Guid(d51a2253cd79945d08fbe9589d8cb631) Importer(815301076,1909f56bfc062723c751e8b465ee728b)
Start importing Assets/Planets of the Solar System 3D/Materials/Skybox.mat using Guid(d51a2253cd79945d08fbe9589d8cb631) Importer(815301076,1909f56bfc062723c751e8b465ee728b) [PhysX] Initialized MultithreadedTaskDispatcher with 24 workers.
[PhysX] Initialized MultithreadedTaskDispatcher with 24 workers.
 -> (artifact id: 'c5be26c38afddad307e82b9461bcea7d') in 0.096103 seconds
Number of updated asset objects reloaded before import = 0
Number of asset objects unloaded after import = 2
========================================================================
Received Import Request.
  Time since last request: 0.000021 seconds.
  path: Assets/Free Skyboxes - Space/SBS Space 2/Medium/Skybox_Space 2 Medium.mat
  artifactKey: Guid(89fff474ba0a95e49ae5cf261d4f8fcc) Importer(815301076,1909f56bfc062723c751e8b465ee728b)
Start importing Assets/Free Skyboxes - Space/SBS Space 2/Medium/Skybox_Space 2 Medium.mat using Guid(89fff474ba0a95e49ae5cf261d4f8fcc) Importer(815301076,1909f56bfc062723c751e8b465ee728b) [PhysX] Initialized MultithreadedTaskDispatcher with 24 workers.
[PhysX] Initialized MultithreadedTaskDispatcher with 24 workers.
 -> (artifact id: 'e7c48036142669713cbd63ac490dd900') in 0.094668 seconds
Number of updated asset objects reloaded before import = 0
Number of asset objects unloaded after import = 7
========================================================================
Received Import Request.
  Time since last request: 0.000025 seconds.
  path: Assets/Free Skyboxes - Space/SBS Space 3/Medium/Skybox_Space 3 Medium.mat
  artifactKey: Guid(412f5114ffdfb224090e321b3492cdd6) Importer(815301076,1909f56bfc062723c751e8b465ee728b)
Start importing Assets/Free Skyboxes - Space/SBS Space 3/Medium/Skybox_Space 3 Medium.mat using Guid(412f5114ffdfb224090e321b3492cdd6) Importer(815301076,1909f56bfc062723c751e8b465ee728b) [PhysX] Initialized MultithreadedTaskDispatcher with 24 workers.
[PhysX] Initialized MultithreadedTaskDispatcher with 24 workers.
 -> (artifact id: 'fe3799019e22a18962256ece8e74dfe7') in 0.095490 seconds
Number of updated asset objects reloaded before import = 0
Number of asset objects unloaded after import = 7
========================================================================
Received Import Request.
  Time since last request: 0.000023 seconds.
  path: Assets/Free Skyboxes - Space/SBS Space 2/Small/Skybox_Space 2 Small.mat
  artifactKey: Guid(98740415e46103c4da3ab7bb864ab17d) Importer(815301076,1909f56bfc062723c751e8b465ee728b)
Start importing Assets/Free Skyboxes - Space/SBS Space 2/Small/Skybox_Space 2 Small.mat using Guid(98740415e46103c4da3ab7bb864ab17d) Importer(815301076,1909f56bfc062723c751e8b465ee728b) [PhysX] Initialized MultithreadedTaskDispatcher with 24 workers.
[PhysX] Initialized MultithreadedTaskDispatcher with 24 workers.
 -> (artifact id: '02d63f6a20e08ccf61d0bb213f25a0cf') in 0.058979 seconds
Number of updated asset objects reloaded before import = 0
Number of asset objects unloaded after import = 7
========================================================================
Received Import Request.
  Time since last request: 0.000013 seconds.
  path: Assets/Free Skyboxes - Space/SBS Space 1/Medium/Skybox_Space 1 Medium.mat
  artifactKey: Guid(cb4b6d1bf9c978042b7931378995b776) Importer(815301076,1909f56bfc062723c751e8b465ee728b)
Start importing Assets/Free Skyboxes - Space/SBS Space 1/Medium/Skybox_Space 1 Medium.mat using Guid(cb4b6d1bf9c978042b7931378995b776) Importer(815301076,1909f56bfc062723c751e8b465ee728b) [PhysX] Initialized MultithreadedTaskDispatcher with 24 workers.
[PhysX] Initialized MultithreadedTaskDispatcher with 24 workers.
 -> (artifact id: '1c1c0e3ced028be2f050c261632678c2') in 0.576121 seconds
Number of updated asset objects reloaded before import = 0
Number of asset objects unloaded after import = 7
========================================================================
Received Import Request.
  Time since last request: 0.917613 seconds.
  path: Assets/Free Skyboxes - Space/SBS Space 3/Small/Skybox_Space 3 Small.mat
  artifactKey: Guid(f7f800d56bc6c824a9bc54e982d4ed0f) Importer(815301076,1909f56bfc062723c751e8b465ee728b)
Start importing Assets/Free Skyboxes - Space/SBS Space 3/Small/Skybox_Space 3 Small.mat using Guid(f7f800d56bc6c824a9bc54e982d4ed0f) Importer(815301076,1909f56bfc062723c751e8b465ee728b) [PhysX] Initialized MultithreadedTaskDispatcher with 24 workers.
[PhysX] Initialized MultithreadedTaskDispatcher with 24 workers.
 -> (artifact id: 'dd6066fa55c2950ddc94f8956bd3581b') in 0.055485 seconds
Number of updated asset objects reloaded before import = 0
Number of asset objects unloaded after import = 7
========================================================================
Received Prepare
Caller must complete domain reload
Begin MonoManager ReloadAssembly
- Loaded All Assemblies, in  0.302 seconds
Native extension for WindowsStandalone target not found
Native extension for Android target not found
Mono: successfully reloaded assembly
[Package Manager] Server::EnsureServerProcessIsRunning -- launch failed, reason: Unity was launched with the -noUpm command-line argument
[Package Manager] UpmClient::Send -- Unable to send message (not connected to UPM process).
[Package Manager] Cannot connect to Unity Package Manager local server
- Finished resetting the current domain, in  0.736 seconds
Domain Reload Profiling: 1035ms
	BeginReloadAssembly (99ms)
		ExecutionOrderSort (0ms)
		DisableScriptedObjects (2ms)
		BackupInstance (0ms)
		ReleaseScriptingObjects (0ms)
		CreateAndSetChildDomain (24ms)
	RebuildCommonClasses (17ms)
	RebuildNativeTypeToScriptingClass (5ms)
	initialDomainReloadingComplete (18ms)
	LoadAllAssembliesAndSetupDomain (160ms)
		LoadAssemblies (197ms)
		RebuildTransferFunctionScriptingTraits (0ms)
		AnalyzeDomain (11ms)
			TypeCache.Refresh (4ms)
				TypeCache.ScanAssembly (0ms)
			ScanForSourceGeneratedMonoScriptInfo (0ms)
			ResolveRequiredComponents (4ms)
	FinalizeReload (736ms)
		ReleaseScriptCaches (0ms)
		RebuildScriptCaches (0ms)
		SetupLoadedEditorAssemblies (293ms)
			LogAssemblyErrors (0ms)
			InitializePlatformSupportModulesInManaged (12ms)
			SetLoadedEditorAssemblies (2ms)
			RefreshPlugins (0ms)
			BeforeProcessingInitializeOnLoad (42ms)
			ProcessInitializeOnLoadAttributes (189ms)
			ProcessInitializeOnLoadMethodAttributes (41ms)
			AfterProcessingInitializeOnLoad (6ms)
			EditorAssembliesLoaded (0ms)
		ExecutionOrderSort2 (0ms)
		AwakeInstancesAfterBackupRestoration (6ms)
Refreshing native plugins compatible for Editor in 12.73 ms, found 10 plugins.
Preloading 0 native plugins for Editor in 0.00 ms.
Unloading 4960 Unused Serialized files (Serialized files now loaded: 0)
Unloading 68 unused Assets / (57.0 KB). Loaded Objects now: 5531.
Memory consumption went from 164.6 MB to 164.5 MB.
Total: 2.556100 ms (FindLiveObjects: 0.327900 ms CreateObjectMapping: 0.067200 ms MarkObjects: 2.088700 ms  DeleteObjects: 0.071700 ms)

Prepare: number of updated asset objects reloaded= 0
AssetImportParameters requested are different than current active one (requested -> active):
  custom:container-demuxer-ogg: 62fdf1f143b41e24485cea50d1cbac27 -> 
  custom:video-codec-MediaFoundation-h265: 746d11721c4dcdbdad8f713fa42b33f4 -> 
  custom:video-decoder-ogg-theora: a1e56fd34408186e4bbccfd4996cb3dc -> 
  custom:framework-win-MediaFoundation: 216162199b28c13a410421893ffa2e32 -> 
  custom:CustomObjectIndexerAttribute: 9a22284fe3817be447336de3de66b15e -> 
  custom:scripting/monoscript/fileName/invert.cs: ce4111a0caaf110da1ebfd21f1c57b75 -> 
  custom:container-demuxer-webm: 4f35f7cbe854078d1ac9338744f61a02 -> 
  custom:container-muxer-webm: aa71ff27fc2769a1b78a27578f13a17b -> 
  custom:video-decoder-webm-vp8: 9c59270c3fd7afecdb556c50c9e8de78 -> 
  custom:SearchIndexIgnoredProperties: e643bd26f0fe6173181afceb89e7c659 -> 
  custom:AudioImporter_EditorPlatform: d09bf68614088b80899f8185d706f6e7 -> 
  custom:video-encoder-webm-vp8: eb34c28f22e8b96e1ab97ce403110664 -> 
  custom:audio-decoder-ogg-vorbis: bf7c407c2cedff20999df2af8eb42d56 -> 
  custom:audio-encoder-webm-vorbis: bf7c407c2cedff20999df2af8eb42d56 -> 
  custom:scripting/precompiled-assembly-types:Assembly-CSharp: c80d766fde6299d9de7778b0f756fd66 -> fc915b8c64163b6761e5351aa2c02497
========================================================================
Received Prepare
Caller must complete domain reload
Begin MonoManager ReloadAssembly
- Loaded All Assemblies, in  0.292 seconds
Native extension for WindowsStandalone target not found
Native extension for Android target not found
Mono: successfully reloaded assembly
[Package Manager] Server::EnsureServerProcessIsRunning -- launch failed, reason: Unity was launched with the -noUpm command-line argument
[Package Manager] UpmClient::Send -- Unable to send message (not connected to UPM process).
[Package Manager] Cannot connect to Unity Package Manager local server
- Finished resetting the current domain, in  0.740 seconds
Domain Reload Profiling: 1028ms
	BeginReloadAssembly (97ms)
		ExecutionOrderSort (0ms)
		DisableScriptedObjects (2ms)
		BackupInstance (0ms)
		ReleaseScriptingObjects (0ms)
		CreateAndSetChildDomain (24ms)
	RebuildCommonClasses (17ms)
	RebuildNativeTypeToScriptingClass (6ms)
	initialDomainReloadingComplete (17ms)
	LoadAllAssembliesAndSetupDomain (151ms)
		LoadAssemblies (187ms)
		RebuildTransferFunctionScriptingTraits (0ms)
		AnalyzeDomain (9ms)
			TypeCache.Refresh (4ms)
				TypeCache.ScanAssembly (0ms)
			ScanForSourceGeneratedMonoScriptInfo (0ms)
			ResolveRequiredComponents (4ms)
	FinalizeReload (740ms)
		ReleaseScriptCaches (0ms)
		RebuildScriptCaches (0ms)
		SetupLoadedEditorAssemblies (293ms)
			LogAssemblyErrors (0ms)
			InitializePlatformSupportModulesInManaged (12ms)
			SetLoadedEditorAssemblies (2ms)
			RefreshPlugins (0ms)
			BeforeProcessingInitializeOnLoad (42ms)
			ProcessInitializeOnLoadAttributes (188ms)
			ProcessInitializeOnLoadMethodAttributes (41ms)
			AfterProcessingInitializeOnLoad (7ms)
			EditorAssembliesLoaded (0ms)
		ExecutionOrderSort2 (0ms)
		AwakeInstancesAfterBackupRestoration (8ms)
Refreshing native plugins compatible for Editor in 13.52 ms, found 10 plugins.
Preloading 0 native plugins for Editor in 0.00 ms.
Unloading 4960 Unused Serialized files (Serialized files now loaded: 0)
Unloading 68 unused Assets / (57.0 KB). Loaded Objects now: 5535.
Memory consumption went from 164.6 MB to 164.5 MB.
Total: 2.543400 ms (FindLiveObjects: 0.323200 ms CreateObjectMapping: 0.065900 ms MarkObjects: 2.073600 ms  DeleteObjects: 0.079800 ms)

Prepare: number of updated asset objects reloaded= 0
AssetImportParameters requested are different than current active one (requested -> active):
  custom:container-demuxer-ogg: 62fdf1f143b41e24485cea50d1cbac27 -> 
  custom:video-codec-MediaFoundation-h265: 746d11721c4dcdbdad8f713fa42b33f4 -> 
  custom:video-decoder-ogg-theora: a1e56fd34408186e4bbccfd4996cb3dc -> 
  custom:framework-win-MediaFoundation: 216162199b28c13a410421893ffa2e32 -> 
  custom:CustomObjectIndexerAttribute: 9a22284fe3817be447336de3de66b15e -> 
  custom:scripting/monoscript/fileName/invert.cs: ce4111a0caaf110da1ebfd21f1c57b75 -> 
  custom:container-demuxer-webm: 4f35f7cbe854078d1ac9338744f61a02 -> 
  custom:container-muxer-webm: aa71ff27fc2769a1b78a27578f13a17b -> 
  custom:video-decoder-webm-vp8: 9c59270c3fd7afecdb556c50c9e8de78 -> 
  custom:SearchIndexIgnoredProperties: e643bd26f0fe6173181afceb89e7c659 -> 
  custom:AudioImporter_EditorPlatform: d09bf68614088b80899f8185d706f6e7 -> 
  custom:video-encoder-webm-vp8: eb34c28f22e8b96e1ab97ce403110664 -> 
  custom:audio-decoder-ogg-vorbis: bf7c407c2cedff20999df2af8eb42d56 -> 
  custom:audio-encoder-webm-vorbis: bf7c407c2cedff20999df2af8eb42d56 -> 
  custom:scripting/precompiled-assembly-types:Assembly-CSharp: c80d766fde6299d9de7778b0f756fd66 -> fc915b8c64163b6761e5351aa2c02497
========================================================================
Received Prepare
Caller must complete domain reload
Begin MonoManager ReloadAssembly
- Loaded All Assemblies, in  0.298 seconds
Native extension for WindowsStandalone target not found
Native extension for Android target not found
Mono: successfully reloaded assembly
[Package Manager] Server::EnsureServerProcessIsRunning -- launch failed, reason: Unity was launched with the -noUpm command-line argument
[Package Manager] UpmClient::Send -- Unable to send message (not connected to UPM process).
[Package Manager] Cannot connect to Unity Package Manager local server
- Finished resetting the current domain, in  0.762 seconds
Domain Reload Profiling: 1057ms
	BeginReloadAssembly (97ms)
		ExecutionOrderSort (0ms)
		DisableScriptedObjects (3ms)
		BackupInstance (0ms)
		ReleaseScriptingObjects (0ms)
		CreateAndSetChildDomain (23ms)
	RebuildCommonClasses (17ms)
	RebuildNativeTypeToScriptingClass (5ms)
	initialDomainReloadingComplete (18ms)
	LoadAllAssembliesAndSetupDomain (157ms)
		LoadAssemblies (191ms)
		RebuildTransferFunctionScriptingTraits (0ms)
		AnalyzeDomain (11ms)
			TypeCache.Refresh (5ms)
				TypeCache.ScanAssembly (0ms)
			ScanForSourceGeneratedMonoScriptInfo (0ms)
			ResolveRequiredComponents (4ms)
	FinalizeReload (763ms)
		ReleaseScriptCaches (0ms)
		RebuildScriptCaches (0ms)
		SetupLoadedEditorAssemblies (298ms)
			LogAssemblyErrors (0ms)
			InitializePlatformSupportModulesInManaged (11ms)
			SetLoadedEditorAssemblies (2ms)
			RefreshPlugins (0ms)
			BeforeProcessingInitializeOnLoad (42ms)
			ProcessInitializeOnLoadAttributes (192ms)
			ProcessInitializeOnLoadMethodAttributes (43ms)
			AfterProcessingInitializeOnLoad (8ms)
			EditorAssembliesLoaded (0ms)
		ExecutionOrderSort2 (0ms)
		AwakeInstancesAfterBackupRestoration (8ms)
Refreshing native plugins compatible for Editor in 14.46 ms, found 10 plugins.
Preloading 0 native plugins for Editor in 0.00 ms.
Unloading 4960 Unused Serialized files (Serialized files now loaded: 0)
Unloading 68 unused Assets / (57.0 KB). Loaded Objects now: 5539.
Memory consumption went from 164.6 MB to 164.5 MB.
Total: 2.711600 ms (FindLiveObjects: 0.310500 ms CreateObjectMapping: 0.202200 ms MarkObjects: 2.129600 ms  DeleteObjects: 0.068300 ms)

Prepare: number of updated asset objects reloaded= 0
AssetImportParameters requested are different than current active one (requested -> active):
  custom:container-demuxer-ogg: 62fdf1f143b41e24485cea50d1cbac27 -> 
  custom:video-codec-MediaFoundation-h265: 746d11721c4dcdbdad8f713fa42b33f4 -> 
  custom:video-decoder-ogg-theora: a1e56fd34408186e4bbccfd4996cb3dc -> 
  custom:framework-win-MediaFoundation: 216162199b28c13a410421893ffa2e32 -> 
  custom:CustomObjectIndexerAttribute: 9a22284fe3817be447336de3de66b15e -> 
  custom:scripting/monoscript/fileName/invert.cs: ce4111a0caaf110da1ebfd21f1c57b75 -> 
  custom:container-demuxer-webm: 4f35f7cbe854078d1ac9338744f61a02 -> 
  custom:container-muxer-webm: aa71ff27fc2769a1b78a27578f13a17b -> 
  custom:video-decoder-webm-vp8: 9c59270c3fd7afecdb556c50c9e8de78 -> 
  custom:SearchIndexIgnoredProperties: e643bd26f0fe6173181afceb89e7c659 -> 
  custom:AudioImporter_EditorPlatform: d09bf68614088b80899f8185d706f6e7 -> 
  custom:video-encoder-webm-vp8: eb34c28f22e8b96e1ab97ce403110664 -> 
  custom:audio-decoder-ogg-vorbis: bf7c407c2cedff20999df2af8eb42d56 -> 
  custom:audio-encoder-webm-vorbis: bf7c407c2cedff20999df2af8eb42d56 -> 
  custom:scripting/precompiled-assembly-types:Assembly-CSharp: c80d766fde6299d9de7778b0f756fd66 -> fc915b8c64163b6761e5351aa2c02497
========================================================================
Received Import Request.
  Time since last request: 49.839842 seconds.
  path: Assets/Free Skyboxes - Space/SBS Space 1/Large
  artifactKey: Guid(cb979dee835d8fa4a9f31bc49731e05a) Importer(815301076,1909f56bfc062723c751e8b465ee728b)
Start importing Assets/Free Skyboxes - Space/SBS Space 1/Large using Guid(cb979dee835d8fa4a9f31bc49731e05a) Importer(815301076,1909f56bfc062723c751e8b465ee728b) [PhysX] Initialized MultithreadedTaskDispatcher with 24 workers.
 -> (artifact id: '1622ada366fa613d928b04b86e872cdc') in 0.001717 seconds
Number of updated asset objects reloaded before import = 0
Number of asset objects unloaded after import = 0
========================================================================
Received Prepare
Caller must complete domain reload
Begin MonoManager ReloadAssembly
- Loaded All Assemblies, in  0.276 seconds
Native extension for WindowsStandalone target not found
Native extension for Android target not found
Mono: successfully reloaded assembly
[Package Manager] Server::EnsureServerProcessIsRunning -- launch failed, reason: Unity was launched with the -noUpm command-line argument
[Package Manager] UpmClient::Send -- Unable to send message (not connected to UPM process).
[Package Manager] Cannot connect to Unity Package Manager local server
- Finished resetting the current domain, in  0.645 seconds
Domain Reload Profiling: 918ms
	BeginReloadAssembly (91ms)
		ExecutionOrderSort (0ms)
		DisableScriptedObjects (2ms)
		BackupInstance (0ms)
		ReleaseScriptingObjects (0ms)
		CreateAndSetChildDomain (22ms)
	RebuildCommonClasses (18ms)
	RebuildNativeTypeToScriptingClass (6ms)
	initialDomainReloadingComplete (17ms)
	LoadAllAssembliesAndSetupDomain (141ms)
		LoadAssemblies (173ms)
		RebuildTransferFunctionScriptingTraits (0ms)
		AnalyzeDomain (9ms)
			TypeCache.Refresh (3ms)
				TypeCache.ScanAssembly (0ms)
			ScanForSourceGeneratedMonoScriptInfo (0ms)
			ResolveRequiredComponents (4ms)
	FinalizeReload (646ms)
		ReleaseScriptCaches (0ms)
		RebuildScriptCaches (0ms)
		SetupLoadedEditorAssemblies (273ms)
			LogAssemblyErrors (0ms)
			InitializePlatformSupportModulesInManaged (10ms)
			SetLoadedEditorAssemblies (2ms)
			RefreshPlugins (0ms)
			BeforeProcessingInitializeOnLoad (41ms)
			ProcessInitializeOnLoadAttributes (173ms)
			ProcessInitializeOnLoadMethodAttributes (41ms)
			AfterProcessingInitializeOnLoad (6ms)
			EditorAssembliesLoaded (0ms)
		ExecutionOrderSort2 (0ms)
		AwakeInstancesAfterBackupRestoration (7ms)
Refreshing native plugins compatible for Editor in 11.97 ms, found 10 plugins.
Preloading 0 native plugins for Editor in 0.00 ms.
Unloading 4960 Unused Serialized files (Serialized files now loaded: 0)
Unloading 68 unused Assets / (57.0 KB). Loaded Objects now: 5543.
Memory consumption went from 164.6 MB to 164.5 MB.
Total: 2.567900 ms (FindLiveObjects: 0.297700 ms CreateObjectMapping: 0.076300 ms MarkObjects: 2.094000 ms  DeleteObjects: 0.099000 ms)

Prepare: number of updated asset objects reloaded= 0
AssetImportParameters requested are different than current active one (requested -> active):
  custom:container-demuxer-ogg: 62fdf1f143b41e24485cea50d1cbac27 -> 
  custom:video-codec-MediaFoundation-h265: 746d11721c4dcdbdad8f713fa42b33f4 -> 
  custom:video-decoder-ogg-theora: a1e56fd34408186e4bbccfd4996cb3dc -> 
  custom:framework-win-MediaFoundation: 216162199b28c13a410421893ffa2e32 -> 
  custom:CustomObjectIndexerAttribute: 9a22284fe3817be447336de3de66b15e -> 
  custom:scripting/monoscript/fileName/invert.cs: ce4111a0caaf110da1ebfd21f1c57b75 -> 
  custom:container-demuxer-webm: 4f35f7cbe854078d1ac9338744f61a02 -> 
  custom:container-muxer-webm: aa71ff27fc2769a1b78a27578f13a17b -> 
  custom:video-decoder-webm-vp8: 9c59270c3fd7afecdb556c50c9e8de78 -> 
  custom:SearchIndexIgnoredProperties: e643bd26f0fe6173181afceb89e7c659 -> 
  custom:AudioImporter_EditorPlatform: d09bf68614088b80899f8185d706f6e7 -> 
  custom:video-encoder-webm-vp8: eb34c28f22e8b96e1ab97ce403110664 -> 
  custom:audio-decoder-ogg-vorbis: bf7c407c2cedff20999df2af8eb42d56 -> 
  custom:audio-encoder-webm-vorbis: bf7c407c2cedff20999df2af8eb42d56 -> 
  custom:scripting/precompiled-assembly-types:Assembly-CSharp: c80d766fde6299d9de7778b0f756fd66 -> fc915b8c64163b6761e5351aa2c02497
========================================================================
Received Import Request.
  Time since last request: 54.034813 seconds.
  path: Assets/Free Skyboxes - Space/SBS Space 3/SBS Space 3.asset
  artifactKey: Guid(8cffd043f98672146ac7e49014ccbbe7) Importer(815301076,1909f56bfc062723c751e8b465ee728b)
Start importing Assets/Free Skyboxes - Space/SBS Space 3/SBS Space 3.asset using Guid(8cffd043f98672146ac7e49014ccbbe7) Importer(815301076,1909f56bfc062723c751e8b465ee728b) [PhysX] Initialized MultithreadedTaskDispatcher with 24 workers.
 -> (artifact id: 'e10dc3af4f8a90239377cccb8599f0cc') in 0.009015 seconds
Number of updated asset objects reloaded before import = 0
Number of asset objects unloaded after import = 1
========================================================================
Received Import Request.
  Time since last request: 0.775548 seconds.
  path: Assets/Free Skyboxes - Space/SBS Space 3/Small
  artifactKey: Guid(d695de9eea4477c43bee877a5742af95) Importer(815301076,1909f56bfc062723c751e8b465ee728b)
Start importing Assets/Free Skyboxes - Space/SBS Space 3/Small using Guid(d695de9eea4477c43bee877a5742af95) Importer(815301076,1909f56bfc062723c751e8b465ee728b) [PhysX] Initialized MultithreadedTaskDispatcher with 24 workers.
 -> (artifact id: '115880a75e861e6296e688808016dc3e') in 0.000456 seconds
Number of updated asset objects reloaded before import = 0
Number of asset objects unloaded after import = 0
========================================================================
Received Import Request.
  Time since last request: 1.248592 seconds.
  path: Assets/Free Skyboxes - Space/SBS Space 3/Large
  artifactKey: Guid(797107f8fcc3a1149ac96b357631ab5a) Importer(815301076,1909f56bfc062723c751e8b465ee728b)
Start importing Assets/Free Skyboxes - Space/SBS Space 3/Large using Guid(797107f8fcc3a1149ac96b357631ab5a) Importer(815301076,1909f56bfc062723c751e8b465ee728b) [PhysX] Initialized MultithreadedTaskDispatcher with 24 workers.
 -> (artifact id: '35c8f52b42f9221178c7ca5fead2f1d2') in 0.000442 seconds
Number of updated asset objects reloaded before import = 0
Number of asset objects unloaded after import = 0
========================================================================
Received Import Request.
  Time since last request: 0.777551 seconds.
  path: Assets/Free Skyboxes - Space/SBS Space 3/Large/Textures/Front_Large.png
  artifactKey: Guid(88a6a5f3bd269e0409ec34a1e9177389) Importer(815301076,1909f56bfc062723c751e8b465ee728b)
Start importing Assets/Free Skyboxes - Space/SBS Space 3/Large/Textures/Front_Large.png using Guid(88a6a5f3bd269e0409ec34a1e9177389) Importer(815301076,1909f56bfc062723c751e8b465ee728b) [PhysX] Initialized MultithreadedTaskDispatcher with 24 workers.
[PhysX] Initialized MultithreadedTaskDispatcher with 24 workers.
 -> (artifact id: '89307ba509b9c3d2a31846bc3fe1cd32') in 0.060470 seconds
Number of updated asset objects reloaded before import = 0
Number of asset objects unloaded after import = 2
========================================================================
Received Import Request.
  Time since last request: 0.000013 seconds.
  path: Assets/Free Skyboxes - Space/SBS Space 3/Large/Textures/Down_Large.png
  artifactKey: Guid(2dd1a06234ad3e44b96bcd438b8297da) Importer(815301076,1909f56bfc062723c751e8b465ee728b)
Start importing Assets/Free Skyboxes - Space/SBS Space 3/Large/Textures/Down_Large.png using Guid(2dd1a06234ad3e44b96bcd438b8297da) Importer(815301076,1909f56bfc062723c751e8b465ee728b) [PhysX] Initialized MultithreadedTaskDispatcher with 24 workers.
[PhysX] Initialized MultithreadedTaskDispatcher with 24 workers.
 -> (artifact id: '6097a8e554f9f4f320e566801ce9c091') in 0.036305 seconds
Number of updated asset objects reloaded before import = 0
Number of asset objects unloaded after import = 2
========================================================================
Received Import Request.
  Time since last request: 4.597667 seconds.
  path: Assets/Free Skyboxes - Space/SBS Space 4/SBS Space 4.asset
  artifactKey: Guid(1af3fd194b4bbb9499fbd0ce8c006bca) Importer(815301076,1909f56bfc062723c751e8b465ee728b)
Start importing Assets/Free Skyboxes - Space/SBS Space 4/SBS Space 4.asset using Guid(1af3fd194b4bbb9499fbd0ce8c006bca) Importer(815301076,1909f56bfc062723c751e8b465ee728b) [PhysX] Initialized MultithreadedTaskDispatcher with 24 workers.
 -> (artifact id: '713a55c21c5ec008d00b3dea30823770') in 0.002299 seconds
Number of updated asset objects reloaded before import = 0
Number of asset objects unloaded after import = 1
========================================================================
Received Import Request.
  Time since last request: 1.257009 seconds.
  path: Assets/Free Skyboxes - Space/SBS Space 4/Medium
  artifactKey: Guid(1793d2ebe16d8254ebcd3b20e005acec) Importer(815301076,1909f56bfc062723c751e8b465ee728b)
Start importing Assets/Free Skyboxes - Space/SBS Space 4/Medium using Guid(1793d2ebe16d8254ebcd3b20e005acec) Importer(815301076,1909f56bfc062723c751e8b465ee728b) [PhysX] Initialized MultithreadedTaskDispatcher with 24 workers.
 -> (artifact id: '0c398f65df315dee85d44e382c880b27') in 0.000458 seconds
Number of updated asset objects reloaded before import = 0
Number of asset objects unloaded after import = 0
========================================================================
Received Import Request.
  Time since last request: 0.199996 seconds.
  path: Assets/Free Skyboxes - Space/SBS Space 4/Medium/Skybox_Space 4 Medium.mat
  artifactKey: Guid(ab815e1cd29c5f244bcdd121845400ef) Importer(815301076,1909f56bfc062723c751e8b465ee728b)
Start importing Assets/Free Skyboxes - Space/SBS Space 4/Medium/Skybox_Space 4 Medium.mat using Guid(ab815e1cd29c5f244bcdd121845400ef) Importer(815301076,1909f56bfc062723c751e8b465ee728b) [PhysX] Initialized MultithreadedTaskDispatcher with 24 workers.
[PhysX] Initialized MultithreadedTaskDispatcher with 24 workers.
 -> (artifact id: '24390536ca168763a24ad9d8f8cf5932') in 0.096213 seconds
Number of updated asset objects reloaded before import = 0
Number of asset objects unloaded after import = 7
========================================================================
Received Import Request.
  Time since last request: 0.597663 seconds.
  path: Assets/Free Skyboxes - Space/SBS Space 4/Medium/Textures/Front_Medium.png
  artifactKey: Guid(0a1850368b4616f4485625507597ef19) Importer(815301076,1909f56bfc062723c751e8b465ee728b)
Start importing Assets/Free Skyboxes - Space/SBS Space 4/Medium/Textures/Front_Medium.png using Guid(0a1850368b4616f4485625507597ef19) Importer(815301076,1909f56bfc062723c751e8b465ee728b) [PhysX] Initialized MultithreadedTaskDispatcher with 24 workers.
[PhysX] Initialized MultithreadedTaskDispatcher with 24 workers.
 -> (artifact id: 'a23044cdba3dac5df30def0b25e18481') in 0.019154 seconds
Number of updated asset objects reloaded before import = 0
Number of asset objects unloaded after import = 2
========================================================================
Received Import Request.
  Time since last request: 0.000017 seconds.
  path: Assets/Free Skyboxes - Space/SBS Space 4/Medium/Textures/Down_Medium.png
  artifactKey: Guid(e6239087ac6767a4181811c70dbf62d6) Importer(815301076,1909f56bfc062723c751e8b465ee728b)
Start importing Assets/Free Skyboxes - Space/SBS Space 4/Medium/Textures/Down_Medium.png using Guid(e6239087ac6767a4181811c70dbf62d6) Importer(815301076,1909f56bfc062723c751e8b465ee728b) [PhysX] Initialized MultithreadedTaskDispatcher with 24 workers.
[PhysX] Initialized MultithreadedTaskDispatcher with 24 workers.
 -> (artifact id: 'd60bf8f2e0d23205624e7a5ef21b73e2') in 0.019321 seconds
Number of updated asset objects reloaded before import = 0
Number of asset objects unloaded after import = 2
========================================================================
Received Import Request.
  Time since last request: 7.013957 seconds.
  path: Assets/Skybox_Space 4 Medium.mat
  artifactKey: Guid(eb60d148abcb9364780d93b8e958704d) Importer(815301076,1909f56bfc062723c751e8b465ee728b)
Start importing Assets/Skybox_Space 4 Medium.mat using Guid(eb60d148abcb9364780d93b8e958704d) Importer(815301076,1909f56bfc062723c751e8b465ee728b) [PhysX] Initialized MultithreadedTaskDispatcher with 24 workers.
[PhysX] Initialized MultithreadedTaskDispatcher with 24 workers.
 -> (artifact id: '0f9fe361b28490a7fcb81ab51c9822a9') in 0.057402 seconds
Number of updated asset objects reloaded before import = 0
Number of asset objects unloaded after import = 7
========================================================================
Received Prepare
Caller must complete domain reload
Begin MonoManager ReloadAssembly
- Loaded All Assemblies, in  0.273 seconds
Native extension for WindowsStandalone target not found
Native extension for Android target not found
Mono: successfully reloaded assembly
[Package Manager] Server::EnsureServerProcessIsRunning -- launch failed, reason: Unity was launched with the -noUpm command-line argument
[Package Manager] UpmClient::Send -- Unable to send message (not connected to UPM process).
[Package Manager] Cannot connect to Unity Package Manager local server
- Finished resetting the current domain, in  0.649 seconds
Domain Reload Profiling: 919ms
	BeginReloadAssembly (90ms)
		ExecutionOrderSort (0ms)
		DisableScriptedObjects (2ms)
		BackupInstance (0ms)
		ReleaseScriptingObjects (0ms)
		CreateAndSetChildDomain (24ms)
	RebuildCommonClasses (17ms)
	RebuildNativeTypeToScriptingClass (5ms)
	initialDomainReloadingComplete (17ms)
	LoadAllAssembliesAndSetupDomain (141ms)
		LoadAssemblies (171ms)
		RebuildTransferFunctionScriptingTraits (0ms)
		AnalyzeDomain (10ms)
			TypeCache.Refresh (3ms)
				TypeCache.ScanAssembly (0ms)
			ScanForSourceGeneratedMonoScriptInfo (0ms)
			ResolveRequiredComponents (4ms)
	FinalizeReload (649ms)
		ReleaseScriptCaches (0ms)
		RebuildScriptCaches (0ms)
		SetupLoadedEditorAssemblies (268ms)
			LogAssemblyErrors (0ms)
			InitializePlatformSupportModulesInManaged (11ms)
			SetLoadedEditorAssemblies (2ms)
			RefreshPlugins (0ms)
			BeforeProcessingInitializeOnLoad (41ms)
			ProcessInitializeOnLoadAttributes (173ms)
			ProcessInitializeOnLoadMethodAttributes (36ms)
			AfterProcessingInitializeOnLoad (5ms)
			EditorAssembliesLoaded (0ms)
		ExecutionOrderSort2 (0ms)
		AwakeInstancesAfterBackupRestoration (7ms)
Refreshing native plugins compatible for Editor in 9.99 ms, found 10 plugins.
Preloading 0 native plugins for Editor in 0.00 ms.
Unloading 4960 Unused Serialized files (Serialized files now loaded: 0)
Unloading 68 unused Assets / (57.0 KB). Loaded Objects now: 5547.
Memory consumption went from 164.5 MB to 164.5 MB.
Total: 2.680600 ms (FindLiveObjects: 0.307200 ms CreateObjectMapping: 0.125300 ms MarkObjects: 2.174700 ms  DeleteObjects: 0.072800 ms)

Prepare: number of updated asset objects reloaded= 0
AssetImportParameters requested are different than current active one (requested -> active):
  custom:container-demuxer-ogg: 62fdf1f143b41e24485cea50d1cbac27 -> 
  custom:video-codec-MediaFoundation-h265: 746d11721c4dcdbdad8f713fa42b33f4 -> 
  custom:video-decoder-ogg-theora: a1e56fd34408186e4bbccfd4996cb3dc -> 
  custom:framework-win-MediaFoundation: 216162199b28c13a410421893ffa2e32 -> 
  custom:CustomObjectIndexerAttribute: 9a22284fe3817be447336de3de66b15e -> 
  custom:scripting/monoscript/fileName/invert.cs: ce4111a0caaf110da1ebfd21f1c57b75 -> 
  custom:container-demuxer-webm: 4f35f7cbe854078d1ac9338744f61a02 -> 
  custom:container-muxer-webm: aa71ff27fc2769a1b78a27578f13a17b -> 
  custom:video-decoder-webm-vp8: 9c59270c3fd7afecdb556c50c9e8de78 -> 
  custom:SearchIndexIgnoredProperties: e643bd26f0fe6173181afceb89e7c659 -> 
  custom:AudioImporter_EditorPlatform: d09bf68614088b80899f8185d706f6e7 -> 
  custom:video-encoder-webm-vp8: eb34c28f22e8b96e1ab97ce403110664 -> 
  custom:audio-decoder-ogg-vorbis: bf7c407c2cedff20999df2af8eb42d56 -> 
  custom:audio-encoder-webm-vorbis: bf7c407c2cedff20999df2af8eb42d56 -> 
  custom:scripting/precompiled-assembly-types:Assembly-CSharp: c80d766fde6299d9de7778b0f756fd66 -> fc915b8c64163b6761e5351aa2c02497
========================================================================
Received Import Request.
  Time since last request: 290.066874 seconds.
  path: Assets/Free Skyboxes - Space/SBS Space 3/Medium
  artifactKey: Guid(655200d143718c246a154f54810ccaea) Importer(815301076,1909f56bfc062723c751e8b465ee728b)
Start importing Assets/Free Skyboxes - Space/SBS Space 3/Medium using Guid(655200d143718c246a154f54810ccaea) Importer(815301076,1909f56bfc062723c751e8b465ee728b) [PhysX] Initialized MultithreadedTaskDispatcher with 24 workers.
 -> (artifact id: '0d8f508fb43eb03fa8665e366c09aca7') in 0.001574 seconds
Number of updated asset objects reloaded before import = 0
Number of asset objects unloaded after import = 0
========================================================================
Received Import Request.
  Time since last request: 13.454785 seconds.
  path: Assets/Free Skyboxes - Space/SBS Space 3/Medium/Textures/Front_Medium.png
  artifactKey: Guid(b8a7c068ac2a22044aa58a209ec4e1ee) Importer(815301076,1909f56bfc062723c751e8b465ee728b)
Start importing Assets/Free Skyboxes - Space/SBS Space 3/Medium/Textures/Front_Medium.png using Guid(b8a7c068ac2a22044aa58a209ec4e1ee) Importer(815301076,1909f56bfc062723c751e8b465ee728b) [PhysX] Initialized MultithreadedTaskDispatcher with 24 workers.
[PhysX] Initialized MultithreadedTaskDispatcher with 24 workers.
 -> (artifact id: 'da9421609d8e7da200cbbdc13f347958') in 0.034562 seconds
Number of updated asset objects reloaded before import = 0
Number of asset objects unloaded after import = 2
========================================================================
Received Import Request.
  Time since last request: 0.000017 seconds.
  path: Assets/Free Skyboxes - Space/SBS Space 3/Medium/Textures/Down_Medium.png
  artifactKey: Guid(e85879f228f8b744ea357b8333487cab) Importer(815301076,1909f56bfc062723c751e8b465ee728b)
Start importing Assets/Free Skyboxes - Space/SBS Space 3/Medium/Textures/Down_Medium.png using Guid(e85879f228f8b744ea357b8333487cab) Importer(815301076,1909f56bfc062723c751e8b465ee728b) [PhysX] Initialized MultithreadedTaskDispatcher with 24 workers.
[PhysX] Initialized MultithreadedTaskDispatcher with 24 workers.
 -> (artifact id: '0c6a8add13e689c62ee84542f108fcb9') in 0.018540 seconds
Number of updated asset objects reloaded before import = 0
Number of asset objects unloaded after import = 2
========================================================================
Received Prepare
Caller must complete domain reload
Begin MonoManager ReloadAssembly
- Loaded All Assemblies, in  0.282 seconds
Native extension for WindowsStandalone target not found
Native extension for Android target not found
Mono: successfully reloaded assembly
[Package Manager] Server::EnsureServerProcessIsRunning -- launch failed, reason: Unity was launched with the -noUpm command-line argument
[Package Manager] UpmClient::Send -- Unable to send message (not connected to UPM process).
[Package Manager] Cannot connect to Unity Package Manager local server
- Finished resetting the current domain, in  0.654 seconds
Domain Reload Profiling: 934ms
	BeginReloadAssembly (95ms)
		ExecutionOrderSort (0ms)
		DisableScriptedObjects (2ms)
		BackupInstance (0ms)
		ReleaseScriptingObjects (0ms)
		CreateAndSetChildDomain (24ms)
	RebuildCommonClasses (17ms)
	RebuildNativeTypeToScriptingClass (5ms)
	initialDomainReloadingComplete (18ms)
	LoadAllAssembliesAndSetupDomain (144ms)
		LoadAssemblies (178ms)
		RebuildTransferFunctionScriptingTraits (0ms)
		AnalyzeDomain (9ms)
			TypeCache.Refresh (4ms)
				TypeCache.ScanAssembly (0ms)
			ScanForSourceGeneratedMonoScriptInfo (0ms)
			ResolveRequiredComponents (4ms)
	FinalizeReload (654ms)
		ReleaseScriptCaches (0ms)
		RebuildScriptCaches (0ms)
		SetupLoadedEditorAssemblies (267ms)
			LogAssemblyErrors (0ms)
			InitializePlatformSupportModulesInManaged (10ms)
			SetLoadedEditorAssemblies (2ms)
			RefreshPlugins (0ms)
			BeforeProcessingInitializeOnLoad (41ms)
			ProcessInitializeOnLoadAttributes (177ms)
			ProcessInitializeOnLoadMethodAttributes (33ms)
			AfterProcessingInitializeOnLoad (5ms)
			EditorAssembliesLoaded (0ms)
		ExecutionOrderSort2 (0ms)
		AwakeInstancesAfterBackupRestoration (5ms)
Refreshing native plugins compatible for Editor in 10.98 ms, found 10 plugins.
Preloading 0 native plugins for Editor in 0.00 ms.
Unloading 4960 Unused Serialized files (Serialized files now loaded: 0)
Unloading 68 unused Assets / (57.0 KB). Loaded Objects now: 5551.
Memory consumption went from 164.6 MB to 164.5 MB.
Total: 2.567300 ms (FindLiveObjects: 0.311800 ms CreateObjectMapping: 0.080200 ms MarkObjects: 2.105300 ms  DeleteObjects: 0.069300 ms)

Prepare: number of updated asset objects reloaded= 0
AssetImportParameters requested are different than current active one (requested -> active):
  custom:container-demuxer-ogg: 62fdf1f143b41e24485cea50d1cbac27 -> 
  custom:video-codec-MediaFoundation-h265: 746d11721c4dcdbdad8f713fa42b33f4 -> 
  custom:video-decoder-ogg-theora: a1e56fd34408186e4bbccfd4996cb3dc -> 
  custom:framework-win-MediaFoundation: 216162199b28c13a410421893ffa2e32 -> 
  custom:CustomObjectIndexerAttribute: 9a22284fe3817be447336de3de66b15e -> 
  custom:scripting/monoscript/fileName/invert.cs: ce4111a0caaf110da1ebfd21f1c57b75 -> 
  custom:container-demuxer-webm: 4f35f7cbe854078d1ac9338744f61a02 -> 
  custom:container-muxer-webm: aa71ff27fc2769a1b78a27578f13a17b -> 
  custom:video-decoder-webm-vp8: 9c59270c3fd7afecdb556c50c9e8de78 -> 
  custom:SearchIndexIgnoredProperties: e643bd26f0fe6173181afceb89e7c659 -> 
  custom:AudioImporter_EditorPlatform: d09bf68614088b80899f8185d706f6e7 -> 
  custom:video-encoder-webm-vp8: eb34c28f22e8b96e1ab97ce403110664 -> 
  custom:audio-decoder-ogg-vorbis: bf7c407c2cedff20999df2af8eb42d56 -> 
  custom:audio-encoder-webm-vorbis: bf7c407c2cedff20999df2af8eb42d56 -> 
  custom:scripting/precompiled-assembly-types:Assembly-CSharp: c80d766fde6299d9de7778b0f756fd66 -> fc915b8c64163b6761e5351aa2c02497
========================================================================
Received Import Request.
  Time since last request: 410.926949 seconds.
  path: Assets/InvertedMesh.asset
  artifactKey: Guid(aded3d4000e251f40ae4190759706615) Importer(815301076,1909f56bfc062723c751e8b465ee728b)
Start importing Assets/InvertedMesh.asset using Guid(aded3d4000e251f40ae4190759706615) Importer(815301076,1909f56bfc062723c751e8b465ee728b) [PhysX] Initialized MultithreadedTaskDispatcher with 24 workers.
[PhysX] Initialized MultithreadedTaskDispatcher with 24 workers.
 -> (artifact id: 'a078088a1a41588ae4624df9ddc97a1f') in 0.048567 seconds
Number of updated asset objects reloaded before import = 0
Number of asset objects unloaded after import = 2
========================================================================
Received Prepare
Caller must complete domain reload
Begin MonoManager ReloadAssembly
- Loaded All Assemblies, in  0.275 seconds
Native extension for WindowsStandalone target not found
Native extension for Android target not found
Mono: successfully reloaded assembly
[Package Manager] Server::EnsureServerProcessIsRunning -- launch failed, reason: Unity was launched with the -noUpm command-line argument
[Package Manager] UpmClient::Send -- Unable to send message (not connected to UPM process).
[Package Manager] Cannot connect to Unity Package Manager local server
- Finished resetting the current domain, in  0.656 seconds
Domain Reload Profiling: 929ms
	BeginReloadAssembly (93ms)
		ExecutionOrderSort (0ms)
		DisableScriptedObjects (2ms)
		BackupInstance (0ms)
		ReleaseScriptingObjects (0ms)
		CreateAndSetChildDomain (24ms)
	RebuildCommonClasses (17ms)
	RebuildNativeTypeToScriptingClass (5ms)
	initialDomainReloadingComplete (17ms)
	LoadAllAssembliesAndSetupDomain (141ms)
		LoadAssemblies (174ms)
		RebuildTransferFunctionScriptingTraits (0ms)
		AnalyzeDomain (10ms)
			TypeCache.Refresh (4ms)
				TypeCache.ScanAssembly (0ms)
			ScanForSourceGeneratedMonoScriptInfo (0ms)
			ResolveRequiredComponents (4ms)
	FinalizeReload (656ms)
		ReleaseScriptCaches (0ms)
		RebuildScriptCaches (0ms)
		SetupLoadedEditorAssemblies (267ms)
			LogAssemblyErrors (0ms)
			InitializePlatformSupportModulesInManaged (10ms)
			SetLoadedEditorAssemblies (2ms)
			RefreshPlugins (0ms)
			BeforeProcessingInitializeOnLoad (42ms)
			ProcessInitializeOnLoadAttributes (177ms)
			ProcessInitializeOnLoadMethodAttributes (31ms)
			AfterProcessingInitializeOnLoad (5ms)
			EditorAssembliesLoaded (0ms)
		ExecutionOrderSort2 (0ms)
		AwakeInstancesAfterBackupRestoration (5ms)
Refreshing native plugins compatible for Editor in 11.88 ms, found 10 plugins.
Preloading 0 native plugins for Editor in 0.00 ms.
Unloading 4960 Unused Serialized files (Serialized files now loaded: 0)
Unloading 68 unused Assets / (57.0 KB). Loaded Objects now: 5555.
Memory consumption went from 164.6 MB to 164.5 MB.
Total: 3.033900 ms (FindLiveObjects: 0.315200 ms CreateObjectMapping: 0.067800 ms MarkObjects: 2.585800 ms  DeleteObjects: 0.064500 ms)

Prepare: number of updated asset objects reloaded= 0
AssetImportParameters requested are different than current active one (requested -> active):
  custom:container-demuxer-ogg: 62fdf1f143b41e24485cea50d1cbac27 -> 
  custom:video-codec-MediaFoundation-h265: 746d11721c4dcdbdad8f713fa42b33f4 -> 
  custom:video-decoder-ogg-theora: a1e56fd34408186e4bbccfd4996cb3dc -> 
  custom:framework-win-MediaFoundation: 216162199b28c13a410421893ffa2e32 -> 
  custom:CustomObjectIndexerAttribute: 9a22284fe3817be447336de3de66b15e -> 
  custom:scripting/monoscript/fileName/invert.cs: ce4111a0caaf110da1ebfd21f1c57b75 -> 
  custom:container-demuxer-webm: 4f35f7cbe854078d1ac9338744f61a02 -> 
  custom:container-muxer-webm: aa71ff27fc2769a1b78a27578f13a17b -> 
  custom:video-decoder-webm-vp8: 9c59270c3fd7afecdb556c50c9e8de78 -> 
  custom:SearchIndexIgnoredProperties: e643bd26f0fe6173181afceb89e7c659 -> 
  custom:AudioImporter_EditorPlatform: d09bf68614088b80899f8185d706f6e7 -> 
  custom:video-encoder-webm-vp8: eb34c28f22e8b96e1ab97ce403110664 -> 
  custom:audio-decoder-ogg-vorbis: bf7c407c2cedff20999df2af8eb42d56 -> 
  custom:audio-encoder-webm-vorbis: bf7c407c2cedff20999df2af8eb42d56 -> 
  custom:scripting/precompiled-assembly-types:Assembly-CSharp: c80d766fde6299d9de7778b0f756fd66 -> fc915b8c64163b6761e5351aa2c02497
========================================================================
Received Prepare
Caller must complete domain reload
Begin MonoManager ReloadAssembly
- Loaded All Assemblies, in  0.274 seconds
Native extension for WindowsStandalone target not found
Native extension for Android target not found
Mono: successfully reloaded assembly
[Package Manager] Server::EnsureServerProcessIsRunning -- launch failed, reason: Unity was launched with the -noUpm command-line argument
[Package Manager] UpmClient::Send -- Unable to send message (not connected to UPM process).
[Package Manager] Cannot connect to Unity Package Manager local server
- Finished resetting the current domain, in  0.651 seconds
Domain Reload Profiling: 922ms
	BeginReloadAssembly (92ms)
		ExecutionOrderSort (0ms)
		DisableScriptedObjects (2ms)
		BackupInstance (0ms)
		ReleaseScriptingObjects (0ms)
		CreateAndSetChildDomain (24ms)
	RebuildCommonClasses (17ms)
	RebuildNativeTypeToScriptingClass (6ms)
	initialDomainReloadingComplete (18ms)
	LoadAllAssembliesAndSetupDomain (139ms)
		LoadAssemblies (170ms)
		RebuildTransferFunctionScriptingTraits (0ms)
		AnalyzeDomain (10ms)
			TypeCache.Refresh (4ms)
				TypeCache.ScanAssembly (0ms)
			ScanForSourceGeneratedMonoScriptInfo (0ms)
			ResolveRequiredComponents (4ms)
	FinalizeReload (651ms)
		ReleaseScriptCaches (0ms)
		RebuildScriptCaches (0ms)
		SetupLoadedEditorAssemblies (268ms)
			LogAssemblyErrors (0ms)
			InitializePlatformSupportModulesInManaged (10ms)
			SetLoadedEditorAssemblies (2ms)
			RefreshPlugins (0ms)
			BeforeProcessingInitializeOnLoad (42ms)
			ProcessInitializeOnLoadAttributes (178ms)
			ProcessInitializeOnLoadMethodAttributes (32ms)
			AfterProcessingInitializeOnLoad (5ms)
			EditorAssembliesLoaded (0ms)
		ExecutionOrderSort2 (0ms)
		AwakeInstancesAfterBackupRestoration (5ms)
Refreshing native plugins compatible for Editor in 12.97 ms, found 10 plugins.
Preloading 0 native plugins for Editor in 0.00 ms.
Unloading 4960 Unused Serialized files (Serialized files now loaded: 0)
Unloading 68 unused Assets / (57.0 KB). Loaded Objects now: 5559.
Memory consumption went from 164.6 MB to 164.5 MB.
Total: 2.483800 ms (FindLiveObjects: 0.316500 ms CreateObjectMapping: 0.064600 ms MarkObjects: 2.026500 ms  DeleteObjects: 0.075300 ms)

Prepare: number of updated asset objects reloaded= 0
AssetImportParameters requested are different than current active one (requested -> active):
  custom:container-demuxer-ogg: 62fdf1f143b41e24485cea50d1cbac27 -> 
  custom:video-codec-MediaFoundation-h265: 746d11721c4dcdbdad8f713fa42b33f4 -> 
  custom:video-decoder-ogg-theora: a1e56fd34408186e4bbccfd4996cb3dc -> 
  custom:framework-win-MediaFoundation: 216162199b28c13a410421893ffa2e32 -> 
  custom:CustomObjectIndexerAttribute: 9a22284fe3817be447336de3de66b15e -> 
  custom:scripting/monoscript/fileName/invert.cs: ce4111a0caaf110da1ebfd21f1c57b75 -> 
  custom:container-demuxer-webm: 4f35f7cbe854078d1ac9338744f61a02 -> 
  custom:container-muxer-webm: aa71ff27fc2769a1b78a27578f13a17b -> 
  custom:video-decoder-webm-vp8: 9c59270c3fd7afecdb556c50c9e8de78 -> 
  custom:SearchIndexIgnoredProperties: e643bd26f0fe6173181afceb89e7c659 -> 
  custom:AudioImporter_EditorPlatform: d09bf68614088b80899f8185d706f6e7 -> 
  custom:video-encoder-webm-vp8: eb34c28f22e8b96e1ab97ce403110664 -> 
  custom:audio-decoder-ogg-vorbis: bf7c407c2cedff20999df2af8eb42d56 -> 
  custom:audio-encoder-webm-vorbis: bf7c407c2cedff20999df2af8eb42d56 -> 
  custom:scripting/precompiled-assembly-types:Assembly-CSharp: c80d766fde6299d9de7778b0f756fd66 -> fc915b8c64163b6761e5351aa2c02497
========================================================================
Received Prepare
Caller must complete domain reload
Begin MonoManager ReloadAssembly
- Loaded All Assemblies, in  0.273 seconds
Native extension for WindowsStandalone target not found
Native extension for Android target not found
Mono: successfully reloaded assembly
[Package Manager] Server::EnsureServerProcessIsRunning -- launch failed, reason: Unity was launched with the -noUpm command-line argument
[Package Manager] UpmClient::Send -- Unable to send message (not connected to UPM process).
[Package Manager] Cannot connect to Unity Package Manager local server
- Finished resetting the current domain, in  0.643 seconds
Domain Reload Profiling: 913ms
	BeginReloadAssembly (90ms)
		ExecutionOrderSort (0ms)
		DisableScriptedObjects (2ms)
		BackupInstance (0ms)
		ReleaseScriptingObjects (0ms)
		CreateAndSetChildDomain (23ms)
	RebuildCommonClasses (17ms)
	RebuildNativeTypeToScriptingClass (5ms)
	initialDomainReloadingComplete (17ms)
	LoadAllAssembliesAndSetupDomain (141ms)
		LoadAssemblies (172ms)
		RebuildTransferFunctionScriptingTraits (0ms)
		AnalyzeDomain (10ms)
			TypeCache.Refresh (4ms)
				TypeCache.ScanAssembly (0ms)
			ScanForSourceGeneratedMonoScriptInfo (0ms)
			ResolveRequiredComponents (4ms)
	FinalizeReload (643ms)
		ReleaseScriptCaches (0ms)
		RebuildScriptCaches (0ms)
		SetupLoadedEditorAssemblies (265ms)
			LogAssemblyErrors (0ms)
			InitializePlatformSupportModulesInManaged (10ms)
			SetLoadedEditorAssemblies (2ms)
			RefreshPlugins (0ms)
			BeforeProcessingInitializeOnLoad (41ms)
			ProcessInitializeOnLoadAttributes (175ms)
			ProcessInitializeOnLoadMethodAttributes (32ms)
			AfterProcessingInitializeOnLoad (5ms)
			EditorAssembliesLoaded (0ms)
		ExecutionOrderSort2 (0ms)
		AwakeInstancesAfterBackupRestoration (6ms)
Refreshing native plugins compatible for Editor in 12.99 ms, found 10 plugins.
Preloading 0 native plugins for Editor in 0.00 ms.
Unloading 4960 Unused Serialized files (Serialized files now loaded: 0)
Unloading 68 unused Assets / (57.0 KB). Loaded Objects now: 5563.
Memory consumption went from 164.6 MB to 164.6 MB.
Total: 2.483400 ms (FindLiveObjects: 0.298200 ms CreateObjectMapping: 0.064900 ms MarkObjects: 2.049800 ms  DeleteObjects: 0.069800 ms)

Prepare: number of updated asset objects reloaded= 0
AssetImportParameters requested are different than current active one (requested -> active):
  custom:container-demuxer-ogg: 62fdf1f143b41e24485cea50d1cbac27 -> 
  custom:video-codec-MediaFoundation-h265: 746d11721c4dcdbdad8f713fa42b33f4 -> 
  custom:video-decoder-ogg-theora: a1e56fd34408186e4bbccfd4996cb3dc -> 
  custom:framework-win-MediaFoundation: 216162199b28c13a410421893ffa2e32 -> 
  custom:CustomObjectIndexerAttribute: 9a22284fe3817be447336de3de66b15e -> 
  custom:scripting/monoscript/fileName/invert.cs: ce4111a0caaf110da1ebfd21f1c57b75 -> 
  custom:container-demuxer-webm: 4f35f7cbe854078d1ac9338744f61a02 -> 
  custom:container-muxer-webm: aa71ff27fc2769a1b78a27578f13a17b -> 
  custom:video-decoder-webm-vp8: 9c59270c3fd7afecdb556c50c9e8de78 -> 
  custom:SearchIndexIgnoredProperties: e643bd26f0fe6173181afceb89e7c659 -> 
  custom:AudioImporter_EditorPlatform: d09bf68614088b80899f8185d706f6e7 -> 
  custom:video-encoder-webm-vp8: eb34c28f22e8b96e1ab97ce403110664 -> 
  custom:audio-decoder-ogg-vorbis: bf7c407c2cedff20999df2af8eb42d56 -> 
  custom:audio-encoder-webm-vorbis: bf7c407c2cedff20999df2af8eb42d56 -> 
  custom:scripting/precompiled-assembly-types:Assembly-CSharp: c80d766fde6299d9de7778b0f756fd66 -> fc915b8c64163b6761e5351aa2c02497
========================================================================
Received Prepare
Caller must complete domain reload
Begin MonoManager ReloadAssembly
- Loaded All Assemblies, in  0.268 seconds
Native extension for WindowsStandalone target not found
Native extension for Android target not found
Mono: successfully reloaded assembly
[Package Manager] Server::EnsureServerProcessIsRunning -- launch failed, reason: Unity was launched with the -noUpm command-line argument
[Package Manager] UpmClient::Send -- Unable to send message (not connected to UPM process).
[Package Manager] Cannot connect to Unity Package Manager local server
- Finished resetting the current domain, in  0.642 seconds
Domain Reload Profiling: 908ms
	BeginReloadAssembly (89ms)
		ExecutionOrderSort (0ms)
		DisableScriptedObjects (2ms)
		BackupInstance (0ms)
		ReleaseScriptingObjects (0ms)
		CreateAndSetChildDomain (23ms)
	RebuildCommonClasses (17ms)
	RebuildNativeTypeToScriptingClass (5ms)
	initialDomainReloadingComplete (17ms)
	LoadAllAssembliesAndSetupDomain (137ms)
		LoadAssemblies (168ms)
		RebuildTransferFunctionScriptingTraits (0ms)
		AnalyzeDomain (9ms)
			TypeCache.Refresh (4ms)
				TypeCache.ScanAssembly (0ms)
			ScanForSourceGeneratedMonoScriptInfo (0ms)
			ResolveRequiredComponents (4ms)
	FinalizeReload (642ms)
		ReleaseScriptCaches (0ms)
		RebuildScriptCaches (0ms)
		SetupLoadedEditorAssemblies (263ms)
			LogAssemblyErrors (0ms)
			InitializePlatformSupportModulesInManaged (10ms)
			SetLoadedEditorAssemblies (2ms)
			RefreshPlugins (0ms)
			BeforeProcessingInitializeOnLoad (41ms)
			ProcessInitializeOnLoadAttributes (174ms)
			ProcessInitializeOnLoadMethodAttributes (32ms)
			AfterProcessingInitializeOnLoad (5ms)
			EditorAssembliesLoaded (0ms)
		ExecutionOrderSort2 (0ms)
		AwakeInstancesAfterBackupRestoration (5ms)
Refreshing native plugins compatible for Editor in 10.18 ms, found 10 plugins.
Preloading 0 native plugins for Editor in 0.00 ms.
Unloading 4960 Unused Serialized files (Serialized files now loaded: 0)
Unloading 68 unused Assets / (57.0 KB). Loaded Objects now: 5567.
Memory consumption went from 164.6 MB to 164.6 MB.
Total: 2.489400 ms (FindLiveObjects: 0.313800 ms CreateObjectMapping: 0.065800 ms MarkObjects: 2.035400 ms  DeleteObjects: 0.073600 ms)

Prepare: number of updated asset objects reloaded= 0
AssetImportParameters requested are different than current active one (requested -> active):
  custom:container-demuxer-ogg: 62fdf1f143b41e24485cea50d1cbac27 -> 
  custom:video-codec-MediaFoundation-h265: 746d11721c4dcdbdad8f713fa42b33f4 -> 
  custom:video-decoder-ogg-theora: a1e56fd34408186e4bbccfd4996cb3dc -> 
  custom:framework-win-MediaFoundation: 216162199b28c13a410421893ffa2e32 -> 
  custom:CustomObjectIndexerAttribute: 9a22284fe3817be447336de3de66b15e -> 
  custom:scripting/monoscript/fileName/invert.cs: ce4111a0caaf110da1ebfd21f1c57b75 -> 
  custom:container-demuxer-webm: 4f35f7cbe854078d1ac9338744f61a02 -> 
  custom:container-muxer-webm: aa71ff27fc2769a1b78a27578f13a17b -> 
  custom:video-decoder-webm-vp8: 9c59270c3fd7afecdb556c50c9e8de78 -> 
  custom:SearchIndexIgnoredProperties: e643bd26f0fe6173181afceb89e7c659 -> 
  custom:AudioImporter_EditorPlatform: d09bf68614088b80899f8185d706f6e7 -> 
  custom:video-encoder-webm-vp8: eb34c28f22e8b96e1ab97ce403110664 -> 
  custom:audio-decoder-ogg-vorbis: bf7c407c2cedff20999df2af8eb42d56 -> 
  custom:audio-encoder-webm-vorbis: bf7c407c2cedff20999df2af8eb42d56 -> 
  custom:scripting/precompiled-assembly-types:Assembly-CSharp: c80d766fde6299d9de7778b0f756fd66 -> fc915b8c64163b6761e5351aa2c02497
========================================================================
Received Import Request.
  Time since last request: 148.133267 seconds.
  path: Assets/Free Skyboxes - Space/SBS Space 3/Medium/Skybox_Space 3 Medium.mat
  artifactKey: Guid(412f5114ffdfb224090e321b3492cdd6) Importer(815301076,1909f56bfc062723c751e8b465ee728b)
Start importing Assets/Free Skyboxes - Space/SBS Space 3/Medium/Skybox_Space 3 Medium.mat using Guid(412f5114ffdfb224090e321b3492cdd6) Importer(815301076,1909f56bfc062723c751e8b465ee728b) [PhysX] Initialized MultithreadedTaskDispatcher with 24 workers.
[PhysX] Initialized MultithreadedTaskDispatcher with 24 workers.
 -> (artifact id: '1a9f6f06bd17ebf729b18f4f815d4109') in 0.088162 seconds
Number of updated asset objects reloaded before import = 0
Number of asset objects unloaded after import = 7
========================================================================
Received Import Request.
  Time since last request: 5.938246 seconds.
  path: Assets/Skybox_Space 3 Medium.mat
  artifactKey: Guid(7d26aba75292598498694eb30c6895a7) Importer(815301076,1909f56bfc062723c751e8b465ee728b)
Start importing Assets/Skybox_Space 3 Medium.mat using Guid(7d26aba75292598498694eb30c6895a7) Importer(815301076,1909f56bfc062723c751e8b465ee728b) [PhysX] Initialized MultithreadedTaskDispatcher with 24 workers.
[PhysX] Initialized MultithreadedTaskDispatcher with 24 workers.
 -> (artifact id: '0a1bffe37810efa3fdfeef9756bf083a') in 0.053349 seconds
Number of updated asset objects reloaded before import = 0
Number of asset objects unloaded after import = 7
========================================================================
Received Prepare
Caller must complete domain reload
Begin MonoManager ReloadAssembly
- Loaded All Assemblies, in  0.275 seconds
Native extension for WindowsStandalone target not found
Native extension for Android target not found
Mono: successfully reloaded assembly
[Package Manager] Server::EnsureServerProcessIsRunning -- launch failed, reason: Unity was launched with the -noUpm command-line argument
[Package Manager] UpmClient::Send -- Unable to send message (not connected to UPM process).
[Package Manager] Cannot connect to Unity Package Manager local server
- Finished resetting the current domain, in  0.681 seconds
Domain Reload Profiling: 954ms
	BeginReloadAssembly (93ms)
		ExecutionOrderSort (0ms)
		DisableScriptedObjects (2ms)
		BackupInstance (0ms)
		ReleaseScriptingObjects (0ms)
		CreateAndSetChildDomain (23ms)
	RebuildCommonClasses (17ms)
	RebuildNativeTypeToScriptingClass (6ms)
	initialDomainReloadingComplete (17ms)
	LoadAllAssembliesAndSetupDomain (140ms)
		LoadAssemblies (173ms)
		RebuildTransferFunctionScriptingTraits (0ms)
		AnalyzeDomain (10ms)
			TypeCache.Refresh (4ms)
				TypeCache.ScanAssembly (0ms)
			ScanForSourceGeneratedMonoScriptInfo (0ms)
			ResolveRequiredComponents (4ms)
	FinalizeReload (682ms)
		ReleaseScriptCaches (0ms)
		RebuildScriptCaches (0ms)
		SetupLoadedEditorAssemblies (302ms)
			LogAssemblyErrors (0ms)
			InitializePlatformSupportModulesInManaged (11ms)
			SetLoadedEditorAssemblies (2ms)
			RefreshPlugins (0ms)
			BeforeProcessingInitializeOnLoad (41ms)
			ProcessInitializeOnLoadAttributes (202ms)
			ProcessInitializeOnLoadMethodAttributes (40ms)
			AfterProcessingInitializeOnLoad (6ms)
			EditorAssembliesLoaded (0ms)
		ExecutionOrderSort2 (0ms)
		AwakeInstancesAfterBackupRestoration (7ms)
Refreshing native plugins compatible for Editor in 10.27 ms, found 10 plugins.
Preloading 0 native plugins for Editor in 0.00 ms.
Unloading 4960 Unused Serialized files (Serialized files now loaded: 0)
Unloading 68 unused Assets / (57.0 KB). Loaded Objects now: 5571.
Memory consumption went from 164.6 MB to 164.6 MB.
Total: 2.793400 ms (FindLiveObjects: 0.367200 ms CreateObjectMapping: 0.076000 ms MarkObjects: 2.272600 ms  DeleteObjects: 0.076800 ms)

Prepare: number of updated asset objects reloaded= 0
AssetImportParameters requested are different than current active one (requested -> active):
  custom:container-demuxer-ogg: 62fdf1f143b41e24485cea50d1cbac27 -> 
  custom:video-codec-MediaFoundation-h265: 746d11721c4dcdbdad8f713fa42b33f4 -> 
  custom:video-decoder-ogg-theora: a1e56fd34408186e4bbccfd4996cb3dc -> 
  custom:framework-win-MediaFoundation: 216162199b28c13a410421893ffa2e32 -> 
  custom:CustomObjectIndexerAttribute: 9a22284fe3817be447336de3de66b15e -> 
  custom:scripting/monoscript/fileName/invert.cs: ce4111a0caaf110da1ebfd21f1c57b75 -> 
  custom:container-demuxer-webm: 4f35f7cbe854078d1ac9338744f61a02 -> 
  custom:container-muxer-webm: aa71ff27fc2769a1b78a27578f13a17b -> 
  custom:video-decoder-webm-vp8: 9c59270c3fd7afecdb556c50c9e8de78 -> 
  custom:SearchIndexIgnoredProperties: e643bd26f0fe6173181afceb89e7c659 -> 
  custom:AudioImporter_EditorPlatform: d09bf68614088b80899f8185d706f6e7 -> 
  custom:video-encoder-webm-vp8: eb34c28f22e8b96e1ab97ce403110664 -> 
  custom:audio-decoder-ogg-vorbis: bf7c407c2cedff20999df2af8eb42d56 -> 
  custom:audio-encoder-webm-vorbis: bf7c407c2cedff20999df2af8eb42d56 -> 
  custom:scripting/precompiled-assembly-types:Assembly-CSharp: c80d766fde6299d9de7778b0f756fd66 -> fc915b8c64163b6761e5351aa2c02497
========================================================================
Received Prepare
Caller must complete domain reload
Begin MonoManager ReloadAssembly
- Loaded All Assemblies, in  0.301 seconds
Native extension for WindowsStandalone target not found
Native extension for Android target not found
Mono: successfully reloaded assembly
[Package Manager] Server::EnsureServerProcessIsRunning -- launch failed, reason: Unity was launched with the -noUpm command-line argument
[Package Manager] UpmClient::Send -- Unable to send message (not connected to UPM process).
[Package Manager] Cannot connect to Unity Package Manager local server
- Finished resetting the current domain, in  0.761 seconds
Domain Reload Profiling: 1059ms
	BeginReloadAssembly (98ms)
		ExecutionOrderSort (0ms)
		DisableScriptedObjects (3ms)
		BackupInstance (0ms)
		ReleaseScriptingObjects (0ms)
		CreateAndSetChildDomain (25ms)
	RebuildCommonClasses (19ms)
	RebuildNativeTypeToScriptingClass (6ms)
	initialDomainReloadingComplete (18ms)
	LoadAllAssembliesAndSetupDomain (157ms)
		LoadAssemblies (178ms)
		RebuildTransferFunctionScriptingTraits (0ms)
		AnalyzeDomain (23ms)
			TypeCache.Refresh (6ms)
				TypeCache.ScanAssembly (0ms)
			ScanForSourceGeneratedMonoScriptInfo (11ms)
			ResolveRequiredComponents (4ms)
	FinalizeReload (761ms)
		ReleaseScriptCaches (0ms)
		RebuildScriptCaches (0ms)
		SetupLoadedEditorAssemblies (287ms)
			LogAssemblyErrors (0ms)
			InitializePlatformSupportModulesInManaged (14ms)
			SetLoadedEditorAssemblies (2ms)
			RefreshPlugins (0ms)
			BeforeProcessingInitializeOnLoad (51ms)
			ProcessInitializeOnLoadAttributes (182ms)
			ProcessInitializeOnLoadMethodAttributes (33ms)
			AfterProcessingInitializeOnLoad (5ms)
			EditorAssembliesLoaded (0ms)
		ExecutionOrderSort2 (0ms)
		AwakeInstancesAfterBackupRestoration (5ms)
Refreshing native plugins compatible for Editor in 10.24 ms, found 10 plugins.
Preloading 0 native plugins for Editor in 0.00 ms.
Unloading 4959 Unused Serialized files (Serialized files now loaded: 0)
Unloading 69 unused Assets / (57.5 KB). Loaded Objects now: 5574.
Memory consumption went from 164.6 MB to 164.6 MB.
Total: 2.388600 ms (FindLiveObjects: 0.300500 ms CreateObjectMapping: 0.063300 ms MarkObjects: 1.952700 ms  DeleteObjects: 0.071400 ms)

Prepare: number of updated asset objects reloaded= 0
AssetImportParameters requested are different than current active one (requested -> active):
  custom:container-demuxer-ogg: 62fdf1f143b41e24485cea50d1cbac27 -> 
  custom:video-codec-MediaFoundation-h265: 746d11721c4dcdbdad8f713fa42b33f4 -> 
  custom:video-decoder-ogg-theora: a1e56fd34408186e4bbccfd4996cb3dc -> 
  custom:framework-win-MediaFoundation: 216162199b28c13a410421893ffa2e32 -> 
  custom:CustomObjectIndexerAttribute: 9a22284fe3817be447336de3de66b15e -> 
  custom:scripting/monoscript/fileName/invert.cs: ce4111a0caaf110da1ebfd21f1c57b75 -> 
  custom:container-demuxer-webm: 4f35f7cbe854078d1ac9338744f61a02 -> 
  custom:container-muxer-webm: aa71ff27fc2769a1b78a27578f13a17b -> 
  custom:video-decoder-webm-vp8: 9c59270c3fd7afecdb556c50c9e8de78 -> 
  custom:SearchIndexIgnoredProperties: e643bd26f0fe6173181afceb89e7c659 -> 
  custom:AudioImporter_EditorPlatform: d09bf68614088b80899f8185d706f6e7 -> 
  custom:video-encoder-webm-vp8: eb34c28f22e8b96e1ab97ce403110664 -> 
  custom:audio-decoder-ogg-vorbis: bf7c407c2cedff20999df2af8eb42d56 -> 
  custom:audio-encoder-webm-vorbis: bf7c407c2cedff20999df2af8eb42d56 -> 
========================================================================
Received Import Request.
  Time since last request: 394.273072 seconds.
  path: Assets/Nimikko_Mall/Materials/MallSkybox.mat
  artifactKey: Guid(f3b2fe809767e6549bfd8f9be7d80a9e) Importer(815301076,1909f56bfc062723c751e8b465ee728b)
Start importing Assets/Nimikko_Mall/Materials/MallSkybox.mat using Guid(f3b2fe809767e6549bfd8f9be7d80a9e) Importer(815301076,1909f56bfc062723c751e8b465ee728b) [PhysX] Initialized MultithreadedTaskDispatcher with 24 workers.
[PhysX] Initialized MultithreadedTaskDispatcher with 24 workers.
 -> (artifact id: 'e91873a31a09d358705ff9f5420de4bc') in 0.073184 seconds
Number of updated asset objects reloaded before import = 0
Number of asset objects unloaded after import = 1
========================================================================
Received Import Request.
  Time since last request: 0.000019 seconds.
  path: Assets/Nimikko_Mall/Materials/MI_Generic_White.mat
  artifactKey: Guid(abc00000000007207665123991238650) Importer(815301076,1909f56bfc062723c751e8b465ee728b)
Start importing Assets/Nimikko_Mall/Materials/MI_Generic_White.mat using Guid(abc00000000007207665123991238650) Importer(815301076,1909f56bfc062723c751e8b465ee728b) [PhysX] Initialized MultithreadedTaskDispatcher with 24 workers.
[PhysX] Initialized MultithreadedTaskDispatcher with 24 workers.
 -> (artifact id: '7827eca8d8810f59ee998196a9ff7429') in 0.021586 seconds
Number of updated asset objects reloaded before import = 0
Number of asset objects unloaded after import = 1
========================================================================
Received Import Request.
  Time since last request: 0.000029 seconds.
  path: Assets/Nimikko_Mall/Materials/MI_Generic_Blue_02.mat
  artifactKey: Guid(abc00000000013488535260254653160) Importer(815301076,1909f56bfc062723c751e8b465ee728b)
Start importing Assets/Nimikko_Mall/Materials/MI_Generic_Blue_02.mat using Guid(abc00000000013488535260254653160) Importer(815301076,1909f56bfc062723c751e8b465ee728b) [PhysX] Initialized MultithreadedTaskDispatcher with 24 workers.
[PhysX] Initialized MultithreadedTaskDispatcher with 24 workers.
 -> (artifact id: '4af0db7d4bb517d1021050317bf58bcd') in 0.013320 seconds
Number of updated asset objects reloaded before import = 0
Number of asset objects unloaded after import = 1
========================================================================
Received Import Request.
  Time since last request: 0.000020 seconds.
  path: Assets/Nimikko_Mall/Materials/MI_Roofing_01.mat
  artifactKey: Guid(abc00000000002630394389839896722) Importer(815301076,1909f56bfc062723c751e8b465ee728b)
Start importing Assets/Nimikko_Mall/Materials/MI_Roofing_01.mat using Guid(abc00000000002630394389839896722) Importer(815301076,1909f56bfc062723c751e8b465ee728b) [PhysX] Initialized MultithreadedTaskDispatcher with 24 workers.
[PhysX] Initialized MultithreadedTaskDispatcher with 24 workers.
 -> (artifact id: 'f8a5f041f490aaa2ed8a1777c4c70d73') in 0.046788 seconds
Number of updated asset objects reloaded before import = 0
Number of asset objects unloaded after import = 4
========================================================================
Received Import Request.
  Time since last request: 0.000015 seconds.
  path: Assets/Nimikko_Mall/Materials/MI_Escalator_Plate_01.mat
  artifactKey: Guid(abc00000000016140082620617308104) Importer(815301076,1909f56bfc062723c751e8b465ee728b)
Start importing Assets/Nimikko_Mall/Materials/MI_Escalator_Plate_01.mat using Guid(abc00000000016140082620617308104) Importer(815301076,1909f56bfc062723c751e8b465ee728b) [PhysX] Initialized MultithreadedTaskDispatcher with 24 workers.
[PhysX] Initialized MultithreadedTaskDispatcher with 24 workers.
 -> (artifact id: '0839bfdb6a9de57ff702d4c7c9bf7814') in 0.037309 seconds
Number of updated asset objects reloaded before import = 0
Number of asset objects unloaded after import = 4
========================================================================
Received Import Request.
  Time since last request: 0.000016 seconds.
  path: Assets/Nimikko_Mall/Materials/MI_Generic_Black.mat
  artifactKey: Guid(abc00000000017641908767750194052) Importer(815301076,1909f56bfc062723c751e8b465ee728b)
Start importing Assets/Nimikko_Mall/Materials/MI_Generic_Black.mat using Guid(abc00000000017641908767750194052) Importer(815301076,1909f56bfc062723c751e8b465ee728b) [PhysX] Initialized MultithreadedTaskDispatcher with 24 workers.
[PhysX] Initialized MultithreadedTaskDispatcher with 24 workers.
 -> (artifact id: '4bd2f29ae4816b9ad0f765e12a9784e6') in 0.012655 seconds
Number of updated asset objects reloaded before import = 0
Number of asset objects unloaded after import = 1
========================================================================
Received Import Request.
  Time since last request: 0.000037 seconds.
  path: Assets/Nimikko_Mall/Materials/MI_Generic_Red.mat
  artifactKey: Guid(abc00000000000786330950849797244) Importer(815301076,1909f56bfc062723c751e8b465ee728b)
Start importing Assets/Nimikko_Mall/Materials/MI_Generic_Red.mat using Guid(abc00000000000786330950849797244) Importer(815301076,1909f56bfc062723c751e8b465ee728b) [PhysX] Initialized MultithreadedTaskDispatcher with 24 workers.
[PhysX] Initialized MultithreadedTaskDispatcher with 24 workers.
 -> (artifact id: '2ec7f9771987450adb71ceebfddab1d5') in 0.008806 seconds
Number of updated asset objects reloaded before import = 0
Number of asset objects unloaded after import = 1
========================================================================
Received Import Request.
  Time since last request: 0.000018 seconds.
  path: Assets/Nimikko_Mall/Materials/MI_Tarp.mat
  artifactKey: Guid(abc00000000007740587111717110063) Importer(815301076,1909f56bfc062723c751e8b465ee728b)
Start importing Assets/Nimikko_Mall/Materials/MI_Tarp.mat using Guid(abc00000000007740587111717110063) Importer(815301076,1909f56bfc062723c751e8b465ee728b) [PhysX] Initialized MultithreadedTaskDispatcher with 24 workers.
[PhysX] Initialized MultithreadedTaskDispatcher with 24 workers.
 -> (artifact id: 'e752cb734ffacbdb77de0ab6dc90c0fc') in 0.035830 seconds
Number of updated asset objects reloaded before import = 0
Number of asset objects unloaded after import = 4
========================================================================
Received Import Request.
  Time since last request: 0.000025 seconds.
  path: Assets/Nimikko_Mall/Materials/MI_Generic_Orange_Emissive.mat
  artifactKey: Guid(abc00000000015714215405899569171) Importer(815301076,1909f56bfc062723c751e8b465ee728b)
Start importing Assets/Nimikko_Mall/Materials/MI_Generic_Orange_Emissive.mat using Guid(abc00000000015714215405899569171) Importer(815301076,1909f56bfc062723c751e8b465ee728b) [PhysX] Initialized MultithreadedTaskDispatcher with 24 workers.
[PhysX] Initialized MultithreadedTaskDispatcher with 24 workers.
 -> (artifact id: '6fd17cf505873579831b731962d1bde4') in 0.014740 seconds
Number of updated asset objects reloaded before import = 0
Number of asset objects unloaded after import = 1
========================================================================
Received Import Request.
  Time since last request: 0.000060 seconds.
  path: Assets/Nimikko_Mall/Materials/MI_Tiles_Plain.mat
  artifactKey: Guid(abc00000000003836819229688093240) Importer(815301076,1909f56bfc062723c751e8b465ee728b)
Start importing Assets/Nimikko_Mall/Materials/MI_Tiles_Plain.mat using Guid(abc00000000003836819229688093240) Importer(815301076,1909f56bfc062723c751e8b465ee728b) [PhysX] Initialized MultithreadedTaskDispatcher with 24 workers.
[PhysX] Initialized MultithreadedTaskDispatcher with 24 workers.
 -> (artifact id: '0315afbb2fd91bea7e09f2e1347d8b8f') in 0.055518 seconds
Number of updated asset objects reloaded before import = 0
Number of asset objects unloaded after import = 4
========================================================================
Received Import Request.
  Time since last request: 0.000019 seconds.
  path: Assets/Nimikko_Mall/Materials/MI_Concrete_03_Indense.mat
  artifactKey: Guid(abc00000000001430526260853606334) Importer(815301076,1909f56bfc062723c751e8b465ee728b)
Start importing Assets/Nimikko_Mall/Materials/MI_Concrete_03_Indense.mat using Guid(abc00000000001430526260853606334) Importer(815301076,1909f56bfc062723c751e8b465ee728b) [PhysX] Initialized MultithreadedTaskDispatcher with 24 workers.
[PhysX] Initialized MultithreadedTaskDispatcher with 24 workers.
 -> (artifact id: 'a309411266272f974d52a99498824839') in 0.047213 seconds
Number of updated asset objects reloaded before import = 0
Number of asset objects unloaded after import = 2
========================================================================
Received Import Request.
  Time since last request: 0.000036 seconds.
  path: Assets/Nimikko_Mall/Materials/MI_Gate_01.mat
  artifactKey: Guid(abc00000000017976557107956323076) Importer(815301076,1909f56bfc062723c751e8b465ee728b)
Start importing Assets/Nimikko_Mall/Materials/MI_Gate_01.mat using Guid(abc00000000017976557107956323076) Importer(815301076,1909f56bfc062723c751e8b465ee728b) [PhysX] Initialized MultithreadedTaskDispatcher with 24 workers.
[PhysX] Initialized MultithreadedTaskDispatcher with 24 workers.
 -> (artifact id: '7cc6c87d2381628d5a38e43ce6f04a88') in 0.046717 seconds
Number of updated asset objects reloaded before import = 0
Number of asset objects unloaded after import = 4
========================================================================
Received Import Request.
  Time since last request: 0.000012 seconds.
  path: Assets/Nimikko_Mall/Materials/MI_FireAlarm_01.mat
  artifactKey: Guid(abc00000000004347905133538507105) Importer(815301076,1909f56bfc062723c751e8b465ee728b)
Start importing Assets/Nimikko_Mall/Materials/MI_FireAlarm_01.mat using Guid(abc00000000004347905133538507105) Importer(815301076,1909f56bfc062723c751e8b465ee728b) [PhysX] Initialized MultithreadedTaskDispatcher with 24 workers.
[PhysX] Initialized MultithreadedTaskDispatcher with 24 workers.
 -> (artifact id: 'dca6c8f30ace1a6eb377155eb24c0030') in 0.026514 seconds
Number of updated asset objects reloaded before import = 0
Number of asset objects unloaded after import = 4
========================================================================
Received Import Request.
  Time since last request: 0.000012 seconds.
  path: Assets/Nimikko_Mall/Materials/MI_Metal_03.mat
  artifactKey: Guid(abc00000000000198014052132954142) Importer(815301076,1909f56bfc062723c751e8b465ee728b)
Start importing Assets/Nimikko_Mall/Materials/MI_Metal_03.mat using Guid(abc00000000000198014052132954142) Importer(815301076,1909f56bfc062723c751e8b465ee728b) [PhysX] Initialized MultithreadedTaskDispatcher with 24 workers.
[PhysX] Initialized MultithreadedTaskDispatcher with 24 workers.
 -> (artifact id: 'd9aa3684b8eb2f6a673c216d26de29ff') in 0.019837 seconds
Number of updated asset objects reloaded before import = 0
Number of asset objects unloaded after import = 4
========================================================================
Received Import Request.
  Time since last request: 0.000010 seconds.
  path: Assets/Nimikko_Mall/Materials/MI_Generic_Black_Shiny.mat
  artifactKey: Guid(abc00000000000762343857616953620) Importer(815301076,1909f56bfc062723c751e8b465ee728b)
Start importing Assets/Nimikko_Mall/Materials/MI_Generic_Black_Shiny.mat using Guid(abc00000000000762343857616953620) Importer(815301076,1909f56bfc062723c751e8b465ee728b) [PhysX] Initialized MultithreadedTaskDispatcher with 24 workers.
[PhysX] Initialized MultithreadedTaskDispatcher with 24 workers.
 -> (artifact id: '9b6b05899cadf25b079fc04c659bd0ab') in 0.004801 seconds
Number of updated asset objects reloaded before import = 0
Number of asset objects unloaded after import = 1
========================================================================
Received Import Request.
  Time since last request: 0.000072 seconds.
  path: Assets/Nimikko_Mall/Materials/MI_Panel_01.mat
  artifactKey: Guid(abc00000000015366343414584720795) Importer(815301076,1909f56bfc062723c751e8b465ee728b)
Start importing Assets/Nimikko_Mall/Materials/MI_Panel_01.mat using Guid(abc00000000015366343414584720795) Importer(815301076,1909f56bfc062723c751e8b465ee728b) [PhysX] Initialized MultithreadedTaskDispatcher with 24 workers.
[PhysX] Initialized MultithreadedTaskDispatcher with 24 workers.
 -> (artifact id: '2e4d4441a29d426dc2adac25d15020cd') in 0.049713 seconds
Number of updated asset objects reloaded before import = 0
Number of asset objects unloaded after import = 4
========================================================================
Received Import Request.
  Time since last request: 0.000011 seconds.
  path: Assets/Nimikko_Mall/Materials/MI_Generic_Orange.mat
  artifactKey: Guid(abc00000000017822451632247499923) Importer(815301076,1909f56bfc062723c751e8b465ee728b)
Start importing Assets/Nimikko_Mall/Materials/MI_Generic_Orange.mat using Guid(abc00000000017822451632247499923) Importer(815301076,1909f56bfc062723c751e8b465ee728b) [PhysX] Initialized MultithreadedTaskDispatcher with 24 workers.
[PhysX] Initialized MultithreadedTaskDispatcher with 24 workers.
 -> (artifact id: '5f3f575e9a6ecfcc43cd22620263657a') in 0.010744 seconds
Number of updated asset objects reloaded before import = 0
Number of asset objects unloaded after import = 1
========================================================================
Received Import Request.
  Time since last request: 0.000016 seconds.
  path: Assets/Nimikko_Mall/Materials/MI_Lit.mat
  artifactKey: Guid(abc00000000018294706448383259827) Importer(815301076,1909f56bfc062723c751e8b465ee728b)
Start importing Assets/Nimikko_Mall/Materials/MI_Lit.mat using Guid(abc00000000018294706448383259827) Importer(815301076,1909f56bfc062723c751e8b465ee728b) [PhysX] Initialized MultithreadedTaskDispatcher with 24 workers.
[PhysX] Initialized MultithreadedTaskDispatcher with 24 workers.
 -> (artifact id: 'f31400c3a92e04e906f22fa2a79448bb') in 0.009261 seconds
Number of updated asset objects reloaded before import = 0
Number of asset objects unloaded after import = 1
========================================================================
Received Import Request.
  Time since last request: 0.000015 seconds.
  path: Assets/Nimikko_Mall/Materials/MI_Metal_01.mat
  artifactKey: Guid(abc00000000004447847508439715452) Importer(815301076,1909f56bfc062723c751e8b465ee728b)
Start importing Assets/Nimikko_Mall/Materials/MI_Metal_01.mat using Guid(abc00000000004447847508439715452) Importer(815301076,1909f56bfc062723c751e8b465ee728b) [PhysX] Initialized MultithreadedTaskDispatcher with 24 workers.
[PhysX] Initialized MultithreadedTaskDispatcher with 24 workers.
 -> (artifact id: '9926848ffcd7e5f2fff4a89bbfc045a2') in 0.022225 seconds
Number of updated asset objects reloaded before import = 0
Number of asset objects unloaded after import = 4
========================================================================
Received Import Request.
  Time since last request: 0.000015 seconds.
  path: Assets/Nimikko_Mall/Materials/MI_Parquet_01.mat
  artifactKey: Guid(abc00000000000992494497790168816) Importer(815301076,1909f56bfc062723c751e8b465ee728b)
Start importing Assets/Nimikko_Mall/Materials/MI_Parquet_01.mat using Guid(abc00000000000992494497790168816) Importer(815301076,1909f56bfc062723c751e8b465ee728b) [PhysX] Initialized MultithreadedTaskDispatcher with 24 workers.
[PhysX] Initialized MultithreadedTaskDispatcher with 24 workers.
 -> (artifact id: '8d02fdbc8a793218845af3bac7318919') in 0.053749 seconds
Number of updated asset objects reloaded before import = 0
Number of asset objects unloaded after import = 4
========================================================================
Received Import Request.
  Time since last request: 0.000020 seconds.
  path: Assets/Nimikko_Mall/Materials/MI_Generic_Gray_Shiny.mat
  artifactKey: Guid(abc00000000009362769605149136282) Importer(815301076,1909f56bfc062723c751e8b465ee728b)
Start importing Assets/Nimikko_Mall/Materials/MI_Generic_Gray_Shiny.mat using Guid(abc00000000009362769605149136282) Importer(815301076,1909f56bfc062723c751e8b465ee728b) [PhysX] Initialized MultithreadedTaskDispatcher with 24 workers.
[PhysX] Initialized MultithreadedTaskDispatcher with 24 workers.
 -> (artifact id: '1fb7b8c6ae32689ca073fe7421f92dcc') in 0.010186 seconds
Number of updated asset objects reloaded before import = 0
Number of asset objects unloaded after import = 1
========================================================================
Received Import Request.
  Time since last request: 0.000020 seconds.
  path: Assets/Nimikko_Mall/Materials/MI_FireSprinkler_01.mat
  artifactKey: Guid(abc00000000001977223451685576950) Importer(815301076,1909f56bfc062723c751e8b465ee728b)
Start importing Assets/Nimikko_Mall/Materials/MI_FireSprinkler_01.mat using Guid(abc00000000001977223451685576950) Importer(815301076,1909f56bfc062723c751e8b465ee728b) [PhysX] Initialized MultithreadedTaskDispatcher with 24 workers.
[PhysX] Initialized MultithreadedTaskDispatcher with 24 workers.
 -> (artifact id: '4bbe45b20b2b503bf58e85214d176345') in 0.017387 seconds
Number of updated asset objects reloaded before import = 0
Number of asset objects unloaded after import = 4
========================================================================
Received Import Request.
  Time since last request: 0.000016 seconds.
  path: Assets/Nimikko_Mall/Materials/MI_Generic_Green.mat
  artifactKey: Guid(abc00000000008622083889456665500) Importer(815301076,1909f56bfc062723c751e8b465ee728b)
Start importing Assets/Nimikko_Mall/Materials/MI_Generic_Green.mat using Guid(abc00000000008622083889456665500) Importer(815301076,1909f56bfc062723c751e8b465ee728b) [PhysX] Initialized MultithreadedTaskDispatcher with 24 workers.
[PhysX] Initialized MultithreadedTaskDispatcher with 24 workers.
 -> (artifact id: '4cd2b9fdfad35168cc4f0a40a7e9ec0a') in 0.008203 seconds
Number of updated asset objects reloaded before import = 0
Number of asset objects unloaded after import = 1
========================================================================
Received Import Request.
  Time since last request: 0.000094 seconds.
  path: Assets/Nimikko_Mall/Materials/MI_Light_Wall_01.mat
  artifactKey: Guid(abc00000000008538386768020886359) Importer(815301076,1909f56bfc062723c751e8b465ee728b)
Start importing Assets/Nimikko_Mall/Materials/MI_Light_Wall_01.mat using Guid(abc00000000008538386768020886359) Importer(815301076,1909f56bfc062723c751e8b465ee728b) [PhysX] Initialized MultithreadedTaskDispatcher with 24 workers.
[PhysX] Initialized MultithreadedTaskDispatcher with 24 workers.
 -> (artifact id: '13e1168deda6ba5e927309a10d57444e') in 0.017961 seconds
Number of updated asset objects reloaded before import = 0
Number of asset objects unloaded after import = 4
========================================================================
Received Import Request.
  Time since last request: 0.725303 seconds.
  path: Assets/Nimikko_Mall/Meshes/SM_StoreFront_Atrium_05.fbx
  artifactKey: Guid(abc00000000008770766110351153580) Importer(815301076,1909f56bfc062723c751e8b465ee728b)
Start importing Assets/Nimikko_Mall/Meshes/SM_StoreFront_Atrium_05.fbx using Guid(abc00000000008770766110351153580) Importer(815301076,1909f56bfc062723c751e8b465ee728b) [PhysX] Initialized MultithreadedTaskDispatcher with 24 workers.
[PhysX] Initialized MultithreadedTaskDispatcher with 24 workers.
[PhysX] Initialized MultithreadedTaskDispatcher with 24 workers.
[PhysX] Initialized MultithreadedTaskDispatcher with 24 workers.
[PhysX] Initialized MultithreadedTaskDispatcher with 24 workers.
[PhysX] Initialized MultithreadedTaskDispatcher with 24 workers.
[PhysX] Initialized MultithreadedTaskDispatcher with 24 workers.
[PhysX] Initialized MultithreadedTaskDispatcher with 24 workers.
[PhysX] Initialized MultithreadedTaskDispatcher with 24 workers.
[PhysX] Initialized MultithreadedTaskDispatcher with 24 workers.
[PhysX] Initialized MultithreadedTaskDispatcher with 24 workers.
[PhysX] Initialized MultithreadedTaskDispatcher with 24 workers.
[PhysX] Initialized MultithreadedTaskDispatcher with 24 workers.
[PhysX] Initialized MultithreadedTaskDispatcher with 24 workers.
 -> (artifact id: 'e71ab42d412fe83862133674ff6273be') in 0.090535 seconds
Number of updated asset objects reloaded before import = 0
Number of asset objects unloaded after import = 40
========================================================================
Received Import Request.
  Time since last request: 0.000021 seconds.
  path: Assets/Nimikko_Mall/Meshes/SM_StoreFront_Atrium_02.fbx
  artifactKey: Guid(abc00000000014106427935314476577) Importer(815301076,1909f56bfc062723c751e8b465ee728b)
Start importing Assets/Nimikko_Mall/Meshes/SM_StoreFront_Atrium_02.fbx using Guid(abc00000000014106427935314476577) Importer(815301076,1909f56bfc062723c751e8b465ee728b) [PhysX] Initialized MultithreadedTaskDispatcher with 24 workers.
[PhysX] Initialized MultithreadedTaskDispatcher with 24 workers.
[PhysX] Initialized MultithreadedTaskDispatcher with 24 workers.
[PhysX] Initialized MultithreadedTaskDispatcher with 24 workers.
[PhysX] Initialized MultithreadedTaskDispatcher with 24 workers.
[PhysX] Initialized MultithreadedTaskDispatcher with 24 workers.
[PhysX] Initialized MultithreadedTaskDispatcher with 24 workers.
[PhysX] Initialized MultithreadedTaskDispatcher with 24 workers.
[PhysX] Initialized MultithreadedTaskDispatcher with 24 workers.
[PhysX] Initialized MultithreadedTaskDispatcher with 24 workers.
[PhysX] Initialized MultithreadedTaskDispatcher with 24 workers.
[PhysX] Initialized MultithreadedTaskDispatcher with 24 workers.
[PhysX] Initialized MultithreadedTaskDispatcher with 24 workers.
[PhysX] Initialized MultithreadedTaskDispatcher with 24 workers.
 -> (artifact id: 'cc56e0dd35f029ddc2f93c5c99d1acd9') in 0.065207 seconds
Number of updated asset objects reloaded before import = 0
Number of asset objects unloaded after import = 40
========================================================================
Received Import Request.
  Time since last request: 0.000019 seconds.
  path: Assets/Nimikko_Mall/Meshes/SM_StoreFront_Glass_1000.fbx
  artifactKey: Guid(abc00000000014234531907990806464) Importer(815301076,1909f56bfc062723c751e8b465ee728b)
Start importing Assets/Nimikko_Mall/Meshes/SM_StoreFront_Glass_1000.fbx using Guid(abc00000000014234531907990806464) Importer(815301076,1909f56bfc062723c751e8b465ee728b) [PhysX] Initialized MultithreadedTaskDispatcher with 24 workers.
[PhysX] Initialized MultithreadedTaskDispatcher with 24 workers.
[PhysX] Initialized MultithreadedTaskDispatcher with 24 workers.
[PhysX] Initialized MultithreadedTaskDispatcher with 24 workers.
[PhysX] Initialized MultithreadedTaskDispatcher with 24 workers.
[PhysX] Initialized MultithreadedTaskDispatcher with 24 workers.
[PhysX] Initialized MultithreadedTaskDispatcher with 24 workers.
[PhysX] Initialized MultithreadedTaskDispatcher with 24 workers.
[PhysX] Initialized MultithreadedTaskDispatcher with 24 workers.
[PhysX] Initialized MultithreadedTaskDispatcher with 24 workers.
[PhysX] Initialized MultithreadedTaskDispatcher with 24 workers.
[PhysX] Initialized MultithreadedTaskDispatcher with 24 workers.
[PhysX] Initialized MultithreadedTaskDispatcher with 24 workers.
[PhysX] Initialized MultithreadedTaskDispatcher with 24 workers.
 -> (artifact id: 'e89534fa0abbd336faf9e1f8c84afe8a') in 0.060239 seconds
Number of updated asset objects reloaded before import = 0
Number of asset objects unloaded after import = 40
========================================================================
Received Import Request.
  Time since last request: 4.551056 seconds.
  path: Assets/Nimikko_Mall/Meshes/SM_Shutter_02.fbx
  artifactKey: Guid(abc00000000011765686900056831284) Importer(815301076,1909f56bfc062723c751e8b465ee728b)
Start importing Assets/Nimikko_Mall/Meshes/SM_Shutter_02.fbx using Guid(abc00000000011765686900056831284) Importer(815301076,1909f56bfc062723c751e8b465ee728b) [PhysX] Initialized MultithreadedTaskDispatcher with 24 workers.
[PhysX] Initialized MultithreadedTaskDispatcher with 24 workers.
[PhysX] Initialized MultithreadedTaskDispatcher with 24 workers.
[PhysX] Initialized MultithreadedTaskDispatcher with 24 workers.
[PhysX] Initialized MultithreadedTaskDispatcher with 24 workers.
[PhysX] Initialized MultithreadedTaskDispatcher with 24 workers.
[PhysX] Initialized MultithreadedTaskDispatcher with 24 workers.
[PhysX] Initialized MultithreadedTaskDispatcher with 24 workers.
[PhysX] Initialized MultithreadedTaskDispatcher with 24 workers.
[PhysX] Initialized MultithreadedTaskDispatcher with 24 workers.
[PhysX] Initialized MultithreadedTaskDispatcher with 24 workers.
[PhysX] Initialized MultithreadedTaskDispatcher with 24 workers.
[PhysX] Initialized MultithreadedTaskDispatcher with 24 workers.
 -> (artifact id: '4e676ccc260a8059dd757edb04708107') in 0.047037 seconds
Number of updated asset objects reloaded before import = 0
Number of asset objects unloaded after import = 38
========================================================================
Received Import Request.
  Time since last request: 0.765413 seconds.
  path: Assets/Nimikko_Mall/Meshes/SM_StoreFront_Atrium_04.fbx
  artifactKey: Guid(abc00000000008578785927789306871) Importer(815301076,1909f56bfc062723c751e8b465ee728b)
Start importing Assets/Nimikko_Mall/Meshes/SM_StoreFront_Atrium_04.fbx using Guid(abc00000000008578785927789306871) Importer(815301076,1909f56bfc062723c751e8b465ee728b) [PhysX] Initialized MultithreadedTaskDispatcher with 24 workers.
[PhysX] Initialized MultithreadedTaskDispatcher with 24 workers.
[PhysX] Initialized MultithreadedTaskDispatcher with 24 workers.
[PhysX] Initialized MultithreadedTaskDispatcher with 24 workers.
[PhysX] Initialized MultithreadedTaskDispatcher with 24 workers.
[PhysX] Initialized MultithreadedTaskDispatcher with 24 workers.
[PhysX] Initialized MultithreadedTaskDispatcher with 24 workers.
[PhysX] Initialized MultithreadedTaskDispatcher with 24 workers.
[PhysX] Initialized MultithreadedTaskDispatcher with 24 workers.
[PhysX] Initialized MultithreadedTaskDispatcher with 24 workers.
[PhysX] Initialized MultithreadedTaskDispatcher with 24 workers.
[PhysX] Initialized MultithreadedTaskDispatcher with 24 workers.
[PhysX] Initialized MultithreadedTaskDispatcher with 24 workers.
[PhysX] Initialized MultithreadedTaskDispatcher with 24 workers.
 -> (artifact id: '63348b4fdcfaf9f8fb691dfdfe948e86') in 0.071811 seconds
Number of updated asset objects reloaded before import = 0
Number of asset objects unloaded after import = 40
========================================================================
Received Import Request.
  Time since last request: 0.000020 seconds.
  path: Assets/Nimikko_Mall/Meshes/SM_StoreFront_Solid_03.fbx
  artifactKey: Guid(abc00000000001086038489679017997) Importer(815301076,1909f56bfc062723c751e8b465ee728b)
Start importing Assets/Nimikko_Mall/Meshes/SM_StoreFront_Solid_03.fbx using Guid(abc00000000001086038489679017997) Importer(815301076,1909f56bfc062723c751e8b465ee728b) [PhysX] Initialized MultithreadedTaskDispatcher with 24 workers.
[PhysX] Initialized MultithreadedTaskDispatcher with 24 workers.
[PhysX] Initialized MultithreadedTaskDispatcher with 24 workers.
[PhysX] Initialized MultithreadedTaskDispatcher with 24 workers.
[PhysX] Initialized MultithreadedTaskDispatcher with 24 workers.
[PhysX] Initialized MultithreadedTaskDispatcher with 24 workers.
[PhysX] Initialized MultithreadedTaskDispatcher with 24 workers.
[PhysX] Initialized MultithreadedTaskDispatcher with 24 workers.
[PhysX] Initialized MultithreadedTaskDispatcher with 24 workers.
[PhysX] Initialized MultithreadedTaskDispatcher with 24 workers.
[PhysX] Initialized MultithreadedTaskDispatcher with 24 workers.
[PhysX] Initialized MultithreadedTaskDispatcher with 24 workers.
[PhysX] Initialized MultithreadedTaskDispatcher with 24 workers.
[PhysX] Initialized MultithreadedTaskDispatcher with 24 workers.
 -> (artifact id: '2417023481185f9c9a56c526977b33c5') in 0.086338 seconds
Number of updated asset objects reloaded before import = 0
Number of asset objects unloaded after import = 39
========================================================================
Received Import Request.
  Time since last request: 0.000025 seconds.
  path: Assets/TextMesh Pro/Examples & Extras/Resources/Fonts & Materials/Anton SDF - Drop Shadow.mat
  artifactKey: Guid(749b9069dc4742c5bfa5c74644049926) Importer(815301076,1909f56bfc062723c751e8b465ee728b)
Start importing Assets/TextMesh Pro/Examples & Extras/Resources/Fonts & Materials/Anton SDF - Drop Shadow.mat using Guid(749b9069dc4742c5bfa5c74644049926) Importer(815301076,1909f56bfc062723c751e8b465ee728b) [PhysX] Initialized MultithreadedTaskDispatcher with 24 workers.
[PhysX] Initialized MultithreadedTaskDispatcher with 24 workers.
 -> (artifact id: 'e8c2ecdd0f1135f7b54b39abce7894f7') in 0.059104 seconds
Number of updated asset objects reloaded before import = 0
Number of asset objects unloaded after import = 2
========================================================================
Received Import Request.
  Time since last request: 0.000016 seconds.
  path: Assets/Nimikko_Mall/Meshes/SM_Salmiare.fbx
  artifactKey: Guid(abc00000000005836872602439543169) Importer(815301076,1909f56bfc062723c751e8b465ee728b)
Start importing Assets/Nimikko_Mall/Meshes/SM_Salmiare.fbx using Guid(abc00000000005836872602439543169) Importer(815301076,1909f56bfc062723c751e8b465ee728b) [PhysX] Initialized MultithreadedTaskDispatcher with 24 workers.
[PhysX] Initialized MultithreadedTaskDispatcher with 24 workers.
[PhysX] Initialized MultithreadedTaskDispatcher with 24 workers.
[PhysX] Initialized MultithreadedTaskDispatcher with 24 workers.
[PhysX] Initialized MultithreadedTaskDispatcher with 24 workers.
[PhysX] Initialized MultithreadedTaskDispatcher with 24 workers.
[PhysX] Initialized MultithreadedTaskDispatcher with 24 workers.
[PhysX] Initialized MultithreadedTaskDispatcher with 24 workers.
[PhysX] Initialized MultithreadedTaskDispatcher with 24 workers.
[PhysX] Initialized MultithreadedTaskDispatcher with 24 workers.
[PhysX] Initialized MultithreadedTaskDispatcher with 24 workers.
[PhysX] Initialized MultithreadedTaskDispatcher with 24 workers.
[PhysX] Initialized MultithreadedTaskDispatcher with 24 workers.
 -> (artifact id: '3447311b1c4f247615bd652b0eba05f2') in 0.049120 seconds
Number of updated asset objects reloaded before import = 0
Number of asset objects unloaded after import = 36
========================================================================
Received Import Request.
  Time since last request: 0.000011 seconds.
  path: Assets/Nimikko_Mall/Meshes/SM_Wall_Windows_02.fbx
  artifactKey: Guid(abc00000000007585559986758201073) Importer(815301076,1909f56bfc062723c751e8b465ee728b)
Start importing Assets/Nimikko_Mall/Meshes/SM_Wall_Windows_02.fbx using Guid(abc00000000007585559986758201073) Importer(815301076,1909f56bfc062723c751e8b465ee728b) [PhysX] Initialized MultithreadedTaskDispatcher with 24 workers.
[PhysX] Initialized MultithreadedTaskDispatcher with 24 workers.
[PhysX] Initialized MultithreadedTaskDispatcher with 24 workers.
[PhysX] Initialized MultithreadedTaskDispatcher with 24 workers.
[PhysX] Initialized MultithreadedTaskDispatcher with 24 workers.
[PhysX] Initialized MultithreadedTaskDispatcher with 24 workers.
[PhysX] Initialized MultithreadedTaskDispatcher with 24 workers.
[PhysX] Initialized MultithreadedTaskDispatcher with 24 workers.
[PhysX] Initialized MultithreadedTaskDispatcher with 24 workers.
[PhysX] Initialized MultithreadedTaskDispatcher with 24 workers.
[PhysX] Initialized MultithreadedTaskDispatcher with 24 workers.
[PhysX] Initialized MultithreadedTaskDispatcher with 24 workers.
[PhysX] Initialized MultithreadedTaskDispatcher with 24 workers.
[PhysX] Initialized MultithreadedTaskDispatcher with 24 workers.
 -> (artifact id: 'a0b2e5255c1b4e3987608e807ddefbcc') in 0.071409 seconds
Number of updated asset objects reloaded before import = 0
Number of asset objects unloaded after import = 40
========================================================================
Received Import Request.
  Time since last request: 191.313201 seconds.
  path: Assets/TextMesh Pro/Examples & Extras/Resources/Fonts & Materials/LiberationSans SDF - Overlay.mat
  artifactKey: Guid(9ad269c99dcf42b7aedefd83dd5a7b9d) Importer(815301076,1909f56bfc062723c751e8b465ee728b)
Start importing Assets/TextMesh Pro/Examples & Extras/Resources/Fonts & Materials/LiberationSans SDF - Overlay.mat using Guid(9ad269c99dcf42b7aedefd83dd5a7b9d) Importer(815301076,1909f56bfc062723c751e8b465ee728b) [PhysX] Initialized MultithreadedTaskDispatcher with 24 workers.
[PhysX] Initialized MultithreadedTaskDispatcher with 24 workers.
 -> (artifact id: '90c3b72fe8b015a93767abf92176cd1f') in 0.016076 seconds
Number of updated asset objects reloaded before import = 0
Number of asset objects unloaded after import = 2
========================================================================
Received Import Request.
  Time since last request: 0.002221 seconds.
  path: Assets/TextMesh Pro/Fonts/LiberationSans.ttf
  artifactKey: Guid(e3265ab4bf004d28a9537516768c1c75) Importer(815301076,1909f56bfc062723c751e8b465ee728b)
Start importing Assets/TextMesh Pro/Fonts/LiberationSans.ttf using Guid(e3265ab4bf004d28a9537516768c1c75) Importer(815301076,1909f56bfc062723c751e8b465ee728b) [PhysX] Initialized MultithreadedTaskDispatcher with 24 workers.
[PhysX] Initialized MultithreadedTaskDispatcher with 24 workers.
[PhysX] Initialized MultithreadedTaskDispatcher with 24 workers.
 -> (artifact id: 'ae3657459cde3cc2e48a06c34f7588ad') in 0.021162 seconds
Number of updated asset objects reloaded before import = 0
Number of asset objects unloaded after import = 4
========================================================================
Received Import Request.
  Time since last request: 0.000019 seconds.
  path: Assets/imports/Distant Lands/Free Characters/Contents/Materials/Hair 4.mat
  artifactKey: Guid(ebe0fedcf36050348ae48d12e109f895) Importer(815301076,1909f56bfc062723c751e8b465ee728b)
Start importing Assets/imports/Distant Lands/Free Characters/Contents/Materials/Hair 4.mat using Guid(ebe0fedcf36050348ae48d12e109f895) Importer(815301076,1909f56bfc062723c751e8b465ee728b) [PhysX] Initialized MultithreadedTaskDispatcher with 24 workers.
[PhysX] Initialized MultithreadedTaskDispatcher with 24 workers.
 -> (artifact id: '60a59e254bcc1e44688bb935f6f31264') in 0.009468 seconds
Number of updated asset objects reloaded before import = 0
Number of asset objects unloaded after import = 1
========================================================================
Received Import Request.
  Time since last request: 0.000202 seconds.
  path: Assets/TextMesh Pro/Examples & Extras/Materials/Ground - Surface Shader Scene.mat
  artifactKey: Guid(aadd5a709a48466c887296bb5b1b8110) Importer(815301076,1909f56bfc062723c751e8b465ee728b)
Start importing Assets/TextMesh Pro/Examples & Extras/Materials/Ground - Surface Shader Scene.mat using Guid(aadd5a709a48466c887296bb5b1b8110) Importer(815301076,1909f56bfc062723c751e8b465ee728b) [PhysX] Initialized MultithreadedTaskDispatcher with 24 workers.
[PhysX] Initialized MultithreadedTaskDispatcher with 24 workers.
 -> (artifact id: 'aedd3ed5286e119ac7b4a8dfbd099e50') in 0.015221 seconds
Number of updated asset objects reloaded before import = 0
Number of asset objects unloaded after import = 2
Editor requested this worker to shutdown with reason: Scaling down because of idle timeout
TcpMessagingSession - receive error: operation aborted. errorcode: 995, details: The I/O operation has been aborted because of either a thread exit or an application request.
AssetImportWorker is now disconnected from the server
Process exiting
Exiting without the bug reporter. Application will terminate with return code 0